number, postalcode, district, msg
1, 225489, 9, sdsdfsfdf
2, 114587, 4, uhuiuiu
3, 158769, 5, hfgghfghfh
4, 486069, 17, Tyehs
5, 486069, 17, Ghjk
6, 115478, 4, asasd
7, 248965, 10, dsdsdsd
8, 486069, 17, Hooo
9, 487069, 17, Jdmdms
10, 486069, 17, Fifif
11, 246307, 10, Ydbhhb
12, 461033, 16, Yeah
13, 138036, 5, Jdmnsms
14, 248440, 10, Happy Birthday,
15, 248440, 10,
16, 248440, 10, Happy 50th!
17, 248440, 10, Happy 50th
18, 248440, 10, What the
19, 486069, 17, Happy birthday
20, 480699, 17, Y
21, 130036, 5, Urhddks
22, 213890, 9, Yejjssk
23, 461033, 16, Eee
24, 111111, 4, DHdjkfv
25, 461033, 16, HELLLO
26, 461033, 16, Aaaaa
27, 461033, 16, Alalalal
28, 590001, 21, Woohoo
29, 590001, 21, Yaman,
30, 590001, 21, Boo
31, 590001, 21, Hoio
32, 461022, 16, JDjdjjfnf
33, 456800, 16,
34, 111111, 4, Ggbhf bhghh
35, 486086, 17, Ughjk
36, 486069, 17, Ydjssj
37, 485319, 17, Udjjss
38, 486068, 17, Sthffh
39, 486069, 17, Rudiri
40, 466098, 16, Ryhfnn
41, 486069, 17, Djckfmck
42, 123456, 4, Oejsnka
43, 328689, 12, Heisha
44, 486069, 17, Yuck
45, 486069, 17, Fiififof
46, 448578, 15, Yrjjsk
47, 425879, 15, Hello
48, 312459, 12, Yebdksjsoffbejslslasvsklsb hsgs hsvsg shhsb shshs hdhevd djdj
49, 124578, 4, Happy b day!!! Sjzb sjzvs jzhqbz bssb
50, 346757, 13,
51, 125478, 4, vs hsb ushs hsh hsh
52, 245789, 10, Gthe hri jfj
53, 245874, 10, Chh
54, 528464, 18, Flgn,
55, 254789, 10, Vsyk cj
56, 354218, 13, Sy ifbsh dh
57, 356879, 13, Test 1
58, 124536, 4, Gauw ksowb jsks
59, 124375, 4,
60, 486069, 17, Teusjs
61, 130036, 5, Hdbsan
62, 135478, 5, Gsh
63, 457689, 16,
64, 254789, 10,
65, 248440, 10, Best wishes
66, 520496, 18, Dreamm
67, 556113, 19,
68, 570301, 20,
69, 590001, 21, Hoio
70, 528799, 18, Ggg
71, 731001, 25, Independence
72, 510716, 18, Hello world
73, 590001, 21, hoadfad,
74, 336587, 13, Test messgae : Anusha
75, 590001, 21, dfasdf
76, 254879, 10, teshhs
77, 125888, 4, hkkjr
78, 555555, 19, frrg,
79, 777777, 27, fekfhkf,
80, 248440, 10,
81, 590001, 21, Hoio
82, 485998, 17, Pewpewpew
83, 590001, 21, yowza
84, 530666, 19, Dream
85, 486326, 17, Innovation :)
86, 570135, 20, Hello,
87, 570213, 20, Happy Bday SG
88, 119611, 4, I dream that Singapore is forever young.
89, 458769, 16,
90, 254789, 10,
91, 214587, 9,
92, 154786, 5,
93, 276516, 11, Peace
94, 183512, 7, I want to be president
95, 535140, 19, Socially conducive space with total cohesiveness
96, 456809, 16, kjef
97, 507000, 17, Making Singapore a smart city
98, 507000, 17, Making Singapore as a smart nation
99, 555030, 19, Stay prosperous
100, 486069, 17,
101, 487372, 17, Helloo
102, 238274, 10, Testing 1 2 3
103, 750409, 26, Let's rock and roll!!! By shinn_freedom
104, 508614, 17, Innovating the world
105, 485995, 17, Gukk
106, 600203, 21, A nation that loves God and His people
107, 486842, 17, Hi Singapore
108, 310225, 12,
109, 560171, 19, Stay safe forever
110, 389754, 14, supercalifragilisticexpialidocious
111, 487372, 17, Dusjansk
112, 590001, 21, Who hoo
113, 590001, 21, Ghhg
114, 590001, 21, Hhg
115, 590012, 21, Vcfy
116, 590001, 21, Gfder
117, 719026, 24, Hhidfg
118, 648759, 22, Vsvs
119, 0, 1,
120, 123456, 4, You!
121, 511119, 18,
122, 511119, 18, Singapore The City of progress.
123, 544255, 19,
124, 487372, 17, Great nation for another 50 years and more
125, 487372, 17, Gujb
126, 486069, 17,
127, 465591, 16, A sunny snowy Christmas!
128, 187465, 7,
129, 89768, 3,
130, 680607, 23, A historical and cultural nation with futuristic design and cutting edge technology incorporated into daily living.
131, 90105, 3, World Peace!
132, 487372, 17, ehe;;ss
133, 784523, 27, test,
134, 248440, 10, Happiness
135, 488067, 17,
136, 590001, 21, Hhidfgy
137, 524376, 18,
138, 245786, 10,
139, 248440, 10, Happy SG
140, 485996, 17,
141, 167026, 6,
142, 339411, 13, World peace
143, 670543, 23, Prosperity, progress, peace and equality!
144, 469296, 16, for singaporeans to be happier with less:]
145, 485995, 17, Happy birthday Singapore!
146, 590001, 21, lkjlkj
147, 590001, 21, asdfsda
148, 590001, 21, Fdyh
149, 590001, 21, Gfse
150, 321468, 12, Test Anusha
151, 335489, 13, Test annusha,
152, 468066, 16, Yehsjs
153, 130635, 5, Hevbaal
154, 786697, 27, Hdwke
155, 123456, 4, Usus
156, 590001, 21, Cool
157, 719026, 24,
158, 18982, 1, Yyh
159, 254789, 10,
160, 138595, 5,
161, 590001, 21, Yududufy
162, 670155, 23, Progress!
163, 325689, 12, asasas
164, 254682, 10, Test anusha
165, 225555, 9, test anusha
166, 587463, 20,
167, 254685, 10, Test anusha
168, 486535, 17, Dhad
169, 489621, 17, Fbsdbf
170, 486326, 17, Innovation
171, 785555, 27, Gewgg
172, 345789, 13, G
173, 541789, 19,
174, 590001, 21, Htr5hgf
175, 458754, 16, Hehfesg
176, 335655, 13, Test anusha
177, 481234, 17, Innovation
178, 650146, 22, Hey!
179, 485697, 17,
180, 590001, 21, Hfjvg
181, 156987, 5, Cdsggfd
182, 129790, 4, Love
183, 590001, 21, Utu
184, 254885, 10, Hfhkif
185, 129790, 4,
186, 650146, 22, You
187, 265444, 10, Yhgdgh
188, 487372, 17,
189, 424795, 15,
190, 485998, 17,
191, 482668, 17, Innovation
192, 485998, 17,
193, 330007, 13, Stay forever a safe haven for anyone:)
194, 485991, 17, More time to sleep
195, 485999, 17,
196, 167026, 6,
197, 485998, 17, pee
198, 530539, 19,
199, 426078, 15,
200, 521233, 18, Sup bro
201, 448879, 15, Getting stronger
202, 161120, 6, Jiayou for pin up guys!
203, 485998, 17, Peace
204, 487372, 17, Singapore hooray
205, 650626, 22, Greenery
206, 786541, 27, Free materials forever
207, 485995, 17, Awesome designs for the next 50 years!
208, 485998, 17,
209, 590001, 21,
210, 537327, 19,
211, 536019, 19,
212, 485995, 17, Happy 50th Birthday Singapore!
213, 760114, 26, Humility and prosperity
214, 520131, 18, #BuyARTPOPOniTunes
215, 448851, 15, Fototot
216, 510641, 18, Dedicated cycling routes, bike sharing
217, 487372, 17, Invade malaysia
218, 618480, 22, Yay
219, 485999, 17,
220, 791441, 28, Hello world
221, 439845, 15, To grow bigger
222, 535689, 19, Good economy
223, 698987, 23, Towards a brighter future ahead
224, 530532, 19, Dynamic and green architecture everywhere!
225, 487373, 17, Hi!:)
226, 398074, 14, To be happy!
227, 689577, 23, Love your neighbours
228, 555114, 19,
229, 520123, 18, I touch myself at night
230, 487372, 17,
231, 487372, 17, Merry Christmas and a Happy New Year
232, 590001, 21, YAS QUEEN
233, 424798, 15, <3
234, 485998, 17,
235, 650268, 22, Another prosperous 50 years!
236, 330007, 13, Stay forever a safe haven for anyone:)
237, 225886, 9, 111
238, 487372, 17, To be happy
239, 426078, 15,
240, 487373, 17, Pika poop
241, 570234, 20, Lalalalala
242, 487372, 17, Meh
243, 248440, 10, Happy
244, 167026, 6, Happy birthday Singapore
245, 465560, 16, To conquer Johor
246, 521233, 18, Hi
247, 560614, 19, Legalised medicinal herbs
248, 448879, 15, Hi
249, 520804, 18,
250, 680506, 23,
251, 520123, 18, Artpop
252, 485991, 17,
253, 487372, 17, for it to be happier
254, 521496, 18, Ho Ho Ho
255, 487373, 17, To progress together
256, 487372, 17, To be able to define our national identity
257, 487372, 17, That we work together for a greater future!
258, 487372, 17, All in harmony and peace
259, 257723, 10, To be loved
260, 398074, 14, :)
261, 485326, 17, T3st
262, 520886, 18, Ho Ho Ho
263, 485998, 17, Peace
264, 760269, 26, Pika Pika
265, 487372, 17, I dream for Singaporeans to question more, and follow rules for a reason and not blindly.
266, 487372, 17, For the land to fly one day
267, 485885, 17, Awesome designs for the next 50 years!
268, 325687, 12, Huh
269, 518750, 18, Nash lemak
270, 388565, 14, Didifoglyp
271, 665438, 23,
272, 523678, 18,
273, 456975, 16, Fbssb
274, 530239, 19,
275, 160010, 6,
276, 130036, 5, Gehjfs
277, 248440, 10, Wisdom
278, 733684, 25, Everyone to be happy
279, 248440, 10, A generation who honours and shows kindness
280, 590013, 21,
281, 530239, 19,
282, 530239, 19, Hello Sonic sg
283, 140167, 5, Happiness, prosperity and progress for our nation!!!
284, 245678, 10, Jsjsn
285, 197916, 8,
286, 520133, 18, yaaaaaaAAAAAAS GAGA YAAAAAS OMG YAAAAAAS SLAY MAMA OH MY GOD YOU LOOK SO GOOD YAAAAAAAAAAS
287, 481267, 17, Test
288, 410647, 15, More land space!
289, 590001, 21, Gfgy
290, 454325, 16, Hejjajans
291, 156987, 5, lflefe;fe
292, 248440, 10, Luck!
293, 248440, 10, Happiness
294, 456895, 16, Gggguh
295, 665807, 23,
296, 486069, 17, Ghffh
297, 389754, 14, Sharing is caring.
298, 487372, 17, Freebies for everyone
299, 270019, 11, Peace and prosperity
300, 590001, 21, Gfdg
301, 123456, 4,
302, 437906, 15,
303, 437906, 15,
304, 123456, 4,
305, 456426, 16, Hh
306, 123456, 4,
307, 547655, 19, Thejks
308, 654321, 22,
309, 223654, 9,
310, 654236, 22,
311, 145362, 5,
312, 652341, 22,
313, 234869, 10, Hi
314, 760741, 26, Helallo
315, 509373, 17, Dream on!
316, 680509, 23,
317, 680509, 23,
318, 680509, 23,
319, 680509, 23, GO SG50!!!!!!
320, 680509, 23, GO SG50!!!!!!!
321, 680590, 23,
322, 139948, 5, Go sg50!!!!
323, 509373, 17, Dream on man.
324, 506889, 17, I love singaporean
325, 509373, 17, I love sf
326, 590001, 21, Hgfffggg
327, 777777, 27, sdsdsds
328, 590001, 21, Ffhj,
329, 590001, 21, Uffur
330, 590001, 21,
331, 130036, 5, Hsbnsnaa
332, 333333, 13, Testing anusha
333, 719026, 24,
334, 647965, 22, Idksjn
335, 590001, 21,
336, 486069, 17, Hsjsjsj
337, 486069, 17, Hddhs
338, 511949, 18, Hdhsks
339, 590001, 21,
340, 248599, 10, Hdjsjsjzkz
341, 486069, 17, Hsbssn
342, 480689, 17, Hdhhsja
343, 577953, 20, Jsskkssnna
344, 124355, 4, Ghjjk
345, 255555, 10, Jdjsjsjak
346, 590001, 21,
347, 486358, 17, Hdjsja
348, 248440, 10, Happy Birthday
349, 590001, 21, Hdud
350, 590001, 21, Ydydfh
351, 590001, 21,
352, 590001, 21, Ffufu
353, 590001, 21, Hgdr
354, 590001, 21, Chudhf
355, 590001, 21,
356, 590001, 21,
357, 333333, 13, Test anusha
358, 590001, 21,
359, 590001, 21,
360, 590001, 21,
361, 48624, 1,
362, 333333, 13, test anusha
363, 167026, 6, Merry Christmas!
364, 680527, 23, Happy SG50
365, 680527, 23, Happy sg50
366, 680527, 23, Happy sg50
367, 590001, 21,
368, 590001, 21,
369, 117536, 4,
370, 487372, 17, Happy
371, 609650, 21, Pls lah. Just Relax
372, 609650, 21, Hey Jude! Don't make it bad
373, 333333, 13, Anusha Testing
374, 333333, 13, Anusha Testing
375, 333333, 13, Anusha test
376, 645765, 22, Jxnznnz
377, 657566, 22, Ksjshjama
378, 655555, 22, Hshjssk
379, 556697, 19, Hdjsa
380, 569675, 19, Hdbsjsk
381, 568825, 19, Hdbsjska
382, 648085, 22, Nsnal
383, 333333, 13,
384, 222222, 9,
385, 586985, 20, Fgjhh
386, 487564, 17, Ghgssw
387, 487504, 17, Fgggg
388, 486842, 17, Hi
389, 285456, 11, Fbsbgf
390, 665458, 23, Fdsjhf
391, 523698, 18, Hi
392, 235462, 10, Hi
393, 243651, 10, Hi
394, 478955, 16, Fhedghy
395, 590001, 21,
396, 461033, 16, Hello!
397, 69911, 2, Reema you are the best
398, 487383, 17, Fdsjhf
399, 509373, 17, Hello
400, 696477, 23, Jdksjsba
401, 719026, 24,
402, 719026, 24,
403, 719026, 24,
404, 719026, 24,
405, 719026, 24,
406, 333333, 13,
407, 333333, 13,
408, 234562, 10, Hello
409, 265432, 10, Hi
410, 321456, 12, Hi
411, 486842, 17, Hey
412, 236542, 10, Hope
413, 689955, 23, Hdkla
414, 590001, 21,
415, 568855, 19, Hdkkaka
416, 590001, 21,
417, 487373, 17, Happy
418, 117536, 4,
419, 319762, 12, Happy New Year
420, 489877, 17, Yahoo!
421, 117536, 4,
422, 298734, 11, Good
423, 143678, 5, Hi
424, 567438, 19, Hi
425, 465312, 16, Hello
426, 423521, 15, Nice
427, 123456, 4, G
428, 510244, 18, Happy December!
429, 259569, 10, SBG YAY
430, 167026, 6, Happy Holidays
431, 319762, 12, to be always happy
432, 319762, 12, Happy 2016!
433, 319762, 12, Ho Ho Ho
434, 400352, 14, I love Xiao Jing!
435, 400352, 14, I love Xiao Jing!
436, 236541, 10, Hi
437, 123456, 4,
438, 598586, 21,
439, 590001, 21,
440, 319762, 12,
441, 8522, 1, Testing
442, 167026, 6, Happy!
443, 550112, 19, happy sg50
444, 319762, 12,
445, 248440, 10, Happy Holidays
446, 319762, 12, Joy!
447, 319762, 12, Joy!
448, 319762, 12, Joy!
449, 319762, 12, Joy!
450, 319762, 12, i want to be healthy
451, 139948, 5, I wan a pay raise!
452, 550421, 19, Sup
453, 509373, 17, Live
454, 167026, 6, Happy holidays
455, 680509, 23, Hiiii
456, 597367, 21, Love
457, 569373, 19, Plock
458, 680509, 23, Hi
459, 680509, 23, Hiiii
460, 680509, 23, Hi
461, 754466, 26, be happy always!
462, 754466, 26, be happy always
463, 754466, 26, be happy always
464, 640737, 22, I hope I can pass my driving test!!!!
465, 640737, 22, Weave to have more biz!
466, 550421, 19, Hi
467, 550421, 19, Hello
468, 509373, 17, Hello
469, 509373, 17, Boo
470, 165004, 6, AllForLove
471, 310143, 12, Succesful wedding im april 2016
472, 319762, 12, Happy 2016
473, 319762, 12, Hi
474, 319762, 12, good health
475, 319762, 12, Good Health
476, 319762, 12, be healthy
477, 590001, 21,
478, 590001, 21, Joy!
479, 591335, 21,
480, 590133, 21,
481, 591133, 21,
482, 590001, 21, fds
483, 590001, 21,
484, 590000, 21,
485, 590001, 21,
486, 120432, 4, Merry Christmas
487, 236541, 10, Hi
488, 120432, 4, Merry Christmas
489, 319762, 12, healthy always,
490, 590001, 21,
491, 231456, 10, Hi
492, 264385, 10, Hello
493, 595336, 21,
494, 590001, 21,
495, 319762, 12,
496, 523168, 18, Hi
497, 231456, 10, Hi
498, 523168, 18, Hello
499, 536469, 19, Luv you Ankita...love Deepak. Wishing for wonderful Y2016.
500, 234532, 10, Hi
501, 465321, 16, Hi
502, 541281, 19,
503, 329138, 12, I love vera.
504, 668754, 23,
505, 644659, 22, i love money
506, 789097, 27,
507, 789097, 27, Hello from yio Chu kang
508, 461033, 16, ALallalalalalkala,
509, 509373, 17, Hellp
510, 330033, 13, I wish my son grow up to be a good  boy
511, 534981, 19, South Africa safari trip
512, 139948, 5, Merry Weavemas!
513, 640737, 22, Greetings from the West!
514, 311101, 12,
515, 530419, 19, Happy birthday
516, 311101, 12,
517, 400313, 14, WP for the win
518, 0, 1, Happy new year
519, 509373, 17, Hello
520, 509373, 17, Hello
521, 509373, 17, Hello
522, 509373, 17, Hello
523, 509373, 17, Hrllo
524, 590001, 21,
525, 48624, 1, howard
526, 86453, 3, hey!!!
527, 590001, 21,
528, 590001, 21,
529, 590001, 21,
530, 719026, 24,
531, 719206, 24,
532, 719026, 24,
533, 719026, 24,
534, 248440, 10, Carless Singapore!
535, 730139, 25, Working hard for family
536, 470611, 16, SINGAPORE TO WIN the World CUP
537, 680565, 23, Hjhgihfyjjjjnb
538, 680565, 23, Master a kickflip
539, 680565, 23, Master a kickflip
540, 680565, 23, Master a kickflip
541, 680565, 23, Master a kickflip
542, 680565, 23, Master a kickflip
543, 470611, 16, We LOVE  Our Home Land, SINGAPORE FOREVER
544, 48624, 1, Singapore pub crawl!!
545, 513525, 18, More clear and clean
546, 570158, 20, Happy New Year 2016!
547, 549130, 19, SG50 SINGAPORE,
548, 598753, 21, Merry Christmas
549, 457889, 16, Merry Christmas Hartley Grove
550, 470772, 16, Happy Holidays!!! I'm jimmy!!!
551, 670167, 23, Merry Christmas!
552, 49826, 1, Joy to the world!
553, 670167, 23, I love Singapore!
554, 670167, 23, Peace out
555, 610355, 22,
556, 470611, 16, One People Stand for One Nation, The Great SINGAPORE
557, 58416, 1, Just got engaged!
558, 80016, 3, Just got engaged! Woohoo!
559, 58416, 1, Woohoo! Engaged! So happy SINGAPORE!
560, 80016, 3, It din work!
561, 640644, 22, Merry xmas!!!
562, 156438, 5, Have a wonderful Christmas Singapore
563, 618650, 22, Merry xmas everyone!
564, 140087, 5, Sg50
565, 520842, 18,
566, 520840, 18, Happy birthday weiting
567, 472748, 16, I love you,
568, 730524, 25, Happy christmas
569, 670626, 23, Mway mway
570, 590001, 21,
571, 458659, 16, Merry Christmas!!
572, 590001, 21,
573, 590001, 21,
574, 590001, 21,
575, 520335, 18, I wish singapore has lights on roads,
576, 319762, 12,
577, 48616, 1,
578, 319762, 12,
579, 48616, 1,
580, 768440, 26, Merry x'mas
581, 730867, 25,
582, 686860, 23,
583, 658744, 22,
584, 38986, 1,
585, 597001, 21, Merry Christmas!
586, 590001, 21,
587, 597001, 21,
588, 737934, 25,
589, 465532, 16, Lol
590, 465532, 16, Happy bday mom!!
591, 150037, 5, Merry Christmas ya filthy animals!
592, 640750, 22,
593, 640750, 22, I love you yuzane
594, 310043, 12, I love u Elijah
595, 670543, 23, Cheers to a better and stronger year ahead!
596, 669583, 23, Loads of love for all countries in 2016!
597, 339411, 13,
598, 309065, 12, MERRY CHRISTMAS!
599, 570175, 20, happy birthday,
600, 570175, 20, Happy birthday
601, 573975, 20,
602, 509729, 17, Happy new year!
603, 90015, 3, Happi new yr
604, 200803, 8, Happy holidays
605, 560513, 19, Merry christmas
606, 509684, 17, Please give us Hope.
607, 461033, 16, Hello!
608, 461033, 16, Jellele
609, 151008, 5, Sjdjdjjffjd
610, 151008, 5, Hahahha
611, 567744, 19, Merry christmas!
612, 670126, 23, Blessed Christmas
613, 510504, 18,
614, 760297, 26, 祝新加坡国运昌隆
615, 520295, 18, 祝新加坡国泰民安、人民健康！
616, 640413, 22, Thank you for giving me a safe and beautiful home. I love you
617, 760350, 26, Wishing that 2016 will be a great year, just like 2015! Happy SG51
618, 600316, 21,
619, 648305, 22,
620, 730511, 25, Wish my family have a peaceful and happy year for year 2016
621, 648305, 22, Wishing Mau's family good health, happy forever.
622, 542116, 19, Wishing everyone good health & good luck in 2016. Cheers!!!
623, 670214, 23, Merry Christmas & Happy New Year!! A better tomorrow everyone!!!
624, 360015, 13, May all dreams come true! , Live Well. Love Much. Laugh Often! - G.S.K
625, 669558, 23, 国泰民安
626, 643679, 22, Wish our economy is stable and fruitful always and all my love one in healthy shape and health. Xmas and happy new year Singaporeans!!!!
627, 509741, 17, 祝:国泰民安，世界太平！
628, 400013, 14, 国泰民安 天下太平 安居乐业 身体健康 ！
629, 520707, 18, 祝愿大家来年比往年更加好!!更加幸福快乐!!😄😄😄
630, 733685, 25,
631, 600278, 21, A Healthy and Wealthy 2016!
632, 520707, 18, 祝愿新加坡国泰民安！在新的一年更加繁荣昌盛!!😄😄
633, 550422, 19, Wish Singapore to become a more beautiful plc to live in
634, 544917, 19, More blessing to our Home -- Singapore , 祝愿我们的家园新加坡承载满满的祝福!
635, 680705, 23,
636, 806505, 28, Merry Christmas and a happy new year!!
637, 120334, 4, Merry Christmas and Happy New Year!!
638, 536019, 19, Let there be Love, Peace and Hope everywhere! Merry Christmas!
639, 764505, 26, I love Singapore! Wishing Singapore a top best country in the world!
640, 680568, 23, Be HEALTHY everyone!!!
641, 650171, 22,
642, 650171, 22, Happy New Year
643, 510109, 18, Sincerely wish our Singapore to be ever a sovereign prosper peaceful gracious happy country.
644, 671635, 23, Wish everyone Merry Christmas & Happy New Year. Have a safe journey too!
645, 543122, 19, Good health, peace n prosperity for all. No more haze in 2016!
646, 120613, 4, Wish i can find my Mr.Right in the following year! And wish my whole family healthy and happy everyday!
647, 521221, 18,
648, 541275, 19,
649, 521221, 18, WORLD PEACE!!
650, 319074, 12,
651, 530535, 19,
652, 530690, 19,
653, 645538, 22, I wish my family members happy healthy long life and wish can get what i want. Hope 2016 is a good year to everyone.
654, 670166, 23,
655, 470124, 16, 人人平安顺利，开心！, 656, 510705, 18, Merry Christmas and a Happy New Year!
657, 530502, 19,
658, 530420, 19, World peace & let love conquers the world :) People are kinder and warmer.
659, 560610, 19, Wish everybody Merry Christmas & A Happy New Year.
660, 543271, 19, merry xmas from hangzhou westlake
661, 521886, 18, May I always be able to accomplish what i set out to achieve. May everyone be happy :)
662, 600102, 21, Merry Christmas! :)
663, 640642, 22, Merry Christmas & A Happy Happy New Year to all fellow Singaporeans! , Let's continue to keep Singapore as a Safe, Clean & Friendliest City! :D
664, 640642, 22, Merry Christmas!
665, 640642, 22, MERRY CHRISTMAS & HAPPY NEW YEAR ALL!
666, 680156, 23, Merry Xmas and Happy New Year
667, 806048, 28, Wishing Singapore SG50
668, 120315, 4, Good morning Singapore!
669, 542192, 19, Wish my children and I have a SUCCESSFUL, BEAUTIFUL, HEALTHY AND PROSPEROUS 2016!
670, 590002, 21, WORLD PEACE!!
671, 534323, 19, Wish all Singaporean a Merry Xmas and a happy new year...
672, 760765, 26,
673, 90118, 3, 11
674, 210012, 9, X'mas & a great year ahead to everyone in Singapore
675, 210012, 9, I Love SG
676, 470222, 16,
677, 731843, 25, Wish everyone's happy day and wish my family happy merry Christmas and happy new year!!!!cheer!
678, 680418, 23, world harmony
679, 140160, 5,
680, 90008, 3,
681, 161054, 6, Merry Christmas & Happy New Year Singapore
682, 310118, 12, Happy New Year!
683, 670545, 23, 在新的一年，祝新加坡经济更強劲，国人收入更丰厚，国㤗平安！
684, 730170, 25, Wish singapore all the best!,
685, 644987, 22, Happy New Year!
686, 507025, 17,
687, 319762, 12, to be happy always
688, 140090, 5,
689, 597090, 21, May the safety, good wealth and prosperity upon Sunset Way
690, 521859, 18, Merry Christmas, happy new year, better transport and no more haze!
691, 750331, 26, Happy holidays Singapoee. A great place!
692, 320103, 12, 囯泰民安!世界和平!
693, 642685, 22, I hope my family good health, peace and happiness
694, 109258, 3, Wish Singapore has a wonderful and peaceful 2016, in term of Economy & Security
695, 575574, 20,
696, 575574, 20,
697, 730170, 25, Wish all the best for singapore!,
698, 550329, 19,
699, 550329, 19, 祝願新加坡国泰民安, 人民安居乐业。
700, 120331, 4,
701, 640516, 22, hope my dreams come true...
702, 169075, 6, hope my career will be better in future next year at all....
703, 640516, 22, hope our family in safe, healthy, happiness, happy at all the time...
704, 550329, 19, 世界和平! 无有病苦, 恐怖和忧恼! 地球就是极乐世界!
705, 169075, 6, hope to get bonus in future year
706, 640516, 22, 祝愿国家国泰明安 大家团结一致 和平 开心地度过每一天
707, 544336, 19, I wish the year end Countdown at the Marina Bay will go smoothly!
708, 762317, 26, Sponsored trip to Austraila
709, 761334, 26, Happy New Year!!!
710, 677730, 23,
711, 460218, 16, Wishing all singaporean Merry Christmas and Happy New Year
712, 575574, 20,
713, 122311, 4, 新的一年 更进一步
714, 648305, 22, Wishing Mau's & Song's family good health, happy forever
715, 130002, 5, Merry xmas and happy new year..., Wishing in 2016 to be a good year, happy and healthy...
716, 680561, 23, Wishing Singapore another 50 good years to SG100. Happy Birthday, Singapore
717, 450157, 16, Happy New Year!!!, Good health and Good luck to everyone :)
718, 464029, 16, Happy New Year!!!, Good health and Good luck to my family and everyone :)
719, 530706, 19,
720, 530706, 19,
721, 730824, 25, Happy Holidays!
722, 575574, 20,
723, 598739, 21,
724, 536202, 19,
725, 550153, 19, Health and happiness abound!!
726, 560411, 19, I hope my family and I always in good health. Hope the world in peace.
727, 530830, 19, I wish for a blessed and happy 2016 with my loved ones! :)
728, 750419, 26, MERRY CHRISTMAS!!!
729, 600258, 21,
730, 643663, 22, 祝全新加坡人圣诞节和新年快乐，身体健康。国泰平安。
731, 370052, 14, I hope in year of 2016, all my family members, husband and sons included me have healthy body and have a good relationship!!! Cheers
732, 370052, 14, I hope in 2016, I can become a more loving, patient and good listener mother and wife. Jia you
733, 380124, 14,
734, 380124, 14, Stay healthy & Happy always!, WORLD PEACE👌
735, 160132, 6, 世界和平,父母家人及身边的人都健康平安快乐☺😊😃😄😄😄
736, 681165, 23,
737, 541202, 19, Wishing everyone a Merry Christmas and Happy New Year from Sengkang Block 202A!
738, 567867, 19, Merry Christmas and Happy New Year to ALL Singaporean.   Sam Lai
739, 670241, 23, Happy SG 50
740, 680807, 23, MAY ALL MY FAMILY MEMBERS IN GOOD HEALTH AND GOOD LUCK THROUGHOUT THE YEAR .
741, 681165, 23, WISH SINGAPORE A VERY , " HAPPY NEW YEAR "
742, 681165, 23, 祝全国人平安 、快乐
743, 543323, 19, Mary christmas and happy new year
744, 180009, 7, Mary christmas and happy new year
745, 470628, 16,
746, 470628, 16,
747, 670181, 23, Wishing all a Merry Christmas and an excellent 2016!!!
748, 530307, 19, May this Christmas be bright and Cheerful and may the New Year begin on a prosperous note!, Merry Christmas and Happy New Year 2016..
749, 600404, 21,
750, 600404, 21,
751, 574033, 20, asd
752, 461024, 16, I wish happiness peace and healthy and be bliessed.
753, 310323, 12, Happy New Year 2016~
754, 333256, 13, hello! :)
755, 319762, 12, woohoo!
756, 689681, 23, 祝新加坡国泰平安。也祝新加坡人民丰衣足食,  幸福快乐。
757, 540196, 19,
758, 760150, 26,
759, 160141, 6, 前进吧新加坡
760, 160141, 6, 前进吧新加坡
761, 521518, 18, Wish you a merry christmas and a happy new year!!
762, 319762, 12, healthy and happy!
763, 333038, 13,
764, 760150, 26,
765, 333038, 13,
766, 534415, 19,
767, 764505, 26, May Singapore be the top best country in the world!
768, 760442, 26, Everyone stay happy and healthy
769, 510230, 18,
770, 370023, 14, May Singapore be prosperous and harmonious always. Best wishes from Hawaii, Angie
771, 600404, 21,
772, 101109, 3, Merry Christmas... may the happiness be with you all. ~:D
773, 650235, 22,
774, 650620, 22, Merry Christmas to all in Singapore ！
775, 542324, 19, 风调雨顺  国泰民安
776, 678420, 23, Merry Christmas & Happy New Year 2016 to all Singaporean!
777, 436607, 15,
778, 760246, 26, Wishin SG100 will be Even Better than SG50!!!🇸🇬
779, 543205, 19,
780, 760150, 26,
781, 549549, 19,
782, 730368, 25, 新年快乐
783, 180263, 7, 愿新的一年顺顺利利一帆风顺、家人都平平安安健健康康长命百岁、
784, 510411, 18, I hope that Singapore is getting better.
785, 570290, 20, 节日快乐
786, 600122, 21, Approval for Singapore Citizenship will be out soon.
787, 639811, 22, Merry Xmas!
788, 575952, 20, Merry Xmas!
789, 570290, 20, 🆗
790, 550221, 19,
791, 760636, 26, Happy New Year Singapore!
792, 90055, 3, 祝福新加坡越走越好
793, 510411, 18, I hope that Singapore is getting better
794, 650217, 22, All the best to Singapore
795, 680426, 23, continue our forefather lee kwan yew spirit n core value, Singapore will surive forever until the end of the earth.mark,
796, 650217, 22, Wishing all Joy and Peace at the Holidays and throughout the New Year 2016
797, 49178, 1,
798, 641665, 22, happy new year
799, 478927, 16, Happy Christmas and new Year!!
800, 328533, 12, Merry christmas
801, 760409, 26, Wishing Singapore and everyone have a blessed year of 2016! May peace be with everyone!
802, 680691, 23,
803, 159836, 5, More money for next year!!
804, 570197, 20, 圣诞快乐
805, 596744, 21, Health n wealth
806, 644987, 22, Happy New Year!
807, 570168, 20, Wish all friends happy Christmas and happy new year!
808, 437874, 15,
809, 520280, 18,
810, 437874, 15, Way to Go SG...
811, 400341, 14, Wish coming 2016 new year my family will every day happy,smiling. Healthy & less argument, Hope our job run smoothly & more saving :), 2 sons more obediant
812, 529880, 18,
813, 100000, 3,
814, 529880, 18, Happy new year Singapore
815, 460109, 16,
816, 491788, 17, Happy new year from Julie and Brian
817, 460109, 16,
818, 180232, 7, May 2016 ahead be filled with LOVE, JOY, PEACE & HOPE
819, 310017, 12, 新加坡萬歳!
820, 520742, 18, Merry xmas
821, 520714, 18, Happy holidays
822, 520742, 18, I wish my family and I can go for a holiday in USA :D
823, 470611, 16, Merry Christmas
824, 248973, 10,
825, 461020, 16, Yeah! Christmas coming soon! Merry Christmas to you all! By Tee's Family^^
826, 461020, 16, I wish you all Merry Christmas & Happy New Year 2016!!! ^.^
827, 328689, 12, May the good luck be with us through out the new year!
828, 520842, 18, Merry christmassss
829, 650266, 22,
830, 650266, 22, 国泰民安,世界和平...
831, 650266, 22,
832, 650266, 22, Hello
833, 678703, 23, All the best to everyone in Singapore!!!!
834, 574327, 20, 愿世界和平新加坡国泰民安
835, 574327, 20, 祝愿新加坡上下一心共创幸福的未来
836, 643663, 22, 祝福我的家人身体健康，佳节快乐。
837, 50034, 1,
838, 518209, 18, Merry Xmas and happy new year, wish a proseprous year ahead!
839, 598581, 21,
840, 654290, 22,
841, 380133, 14, 祝新加坡国㤗民安，人民安居乐业！
842, 260001, 10, Merry Christmas..., To my family and friends!, Hope you happy forever, happiness and health., Vivian Zhang
843, 123467, 4,
844, 329609, 12, 相亲相爱，不分彼此！世界太平！
845, 640844, 22,
846, 469296, 16,
847, 640731, 22, 圣诞快乐
848, 677835, 23, may the world be more peaceful from 2016 onwards to ever
849, 677835, 23, wishing all a happy and properous 2016
850, 680210, 23, Merry Christmas to everyone in Singaporeeee! Hope everyone has enjoyed their year 2015 as 2016 will be even more awesome than 2015. (:, While in midst of working and playing hard, do stay healthy and exercise regularly tooo! XD, Best Wishes, Jer Y.
851, 677835, 23, wishing singapore propspers for ever
852, 677835, 23, looking towards sg100 for the future generations
853, 677835, 23, may you and I stay healthy and happy for ever
854, 150083, 5, Stay happy and healthy~~
855, 518208, 18, Merry Xmas ! Singapore
856, 518208, 18, 国泰平安！
857, 510408, 18, I wish for a world with less conflict and hatred. I wish for a world filled with compassion and love.
858, 380096, 14, China
859, 270013, 11, Have a Merry Christmas and a more Peaceful New Year!
860, 510634, 18, Wishing SINGAPORE a continuous Fruitful and Peaceful 2016 and ever!
861, 162131, 6, I wish in 2016 I can get pregnant and have a healthy baby girl !
862, 162131, 6, I want to have a good result and go in to the top three classes in Rivervally primary school!,
863, 538683, 19, Merry Christmas and Happy New Year!
864, 541209, 19, 祝愿我们一家身体健康事事顺心如 意祝愿爸妈在另一个世界快乐在一起❤️❤️❤️❤️🐖🐖❤️❤️❤️❤️
865, 460132, 16,
866, 602288, 21, 祝愿新加坡2016年经济腾飞！
867, 602288, 21, 希望大家明年都发大财！
868, 608578, 21, 祝愿kangli明年生意兴隆！
869, 608578, 21, 来年发大财……
870, 640516, 22, hope i can start driving next year
871, 169075, 6, HOPE I can start to driving on the road from NEXT YEAR. YEAH...
872, 733788, 25, Wishing each and everyone in the whole world "Merry Christmas & A Happy New Year".  May All Healthy, Happy, Harmony & Joyful. Toss for Good Lucks.
873, 550323, 19, Have a merry christmas and a happy new year! Wishing good health to all!
874, 162131, 6, I wish my salary increase more and more than one million.
875, 345897, 13, I wish I could go to the moon like a good little girl.
876, 162131, 6, I wish to have new car.
877, 162131, 6, I wish a melons would rain from the sky and the rest would explode with me,
878, 567748, 19, Wish my Singapore citizenship is approved as soon as possible! Merry Christmas and Happy New Year.
879, 570168, 20, Merry Christmas
880, 570024, 20,
881, 570024, 20,
882, 235666, 10,
883, 298563, 11,
884, 49909, 1, Merry Christmas ANONO GROUP
885, 49909, 1, Merry Christmas ANONO GROUP
886, 560559, 19, Stay happy and cool always!
887, 578738, 20, Merry xmas
888, 680619, 23,
889, 610334, 22, Merry Christmas Singapore!
890, 760107, 26, DAVID FTW!
891, 470604, 16, Merry merry christmas to darren
892, 600237, 21, Mewry Kwismass Eribadii
893, 381113, 14, May all beings be free and be at peace. May my own personal words, thoughts and actions contribute to the peace and freedom for all.
894, 570022, 20, Merry Christmas
895, 520395, 18, 祝新加坡更繁荣,国泰民安
896, 730339, 25, Merry xmas! From your beloved santa & reindeer
897, 120723, 4,
898, 520395, 18, Merry Christmas Singapore
899, 72312, 2,
900, 120723, 4,
901, 520395, 18, Singapore has progressed from a third world to a first world country within 50 years in the guidance of the late Lee Kuan Yew and many great leaders. Can't wait to see SG100.
902, 162131, 6, I wish my son allergy nose will recover and have a good health forever!
903, 520326, 18, Wish a bright new start of next year
904, 670613, 23, Merry Christmas
905, 680660, 23, Merry Christmas
906, 129195, 4, Peace on Earth
907, 140133, 5,
908, 140090, 5, Peace on earth!
909, 140133, 5,
910, 141052, 5, Hope everyone will have a very merry sweet Christmas with yourself and your loved ones, and keeping this joy into 2016! (:
911, 760870, 26, Bestie and I in taiwan!
912, 570289, 20, Dont want you type
913, 640525, 22, Happy Holidays!
914, 640260, 22, Olaaaa
915, 520725, 18, 祝愿我国人民大家一起怀着感恩的心，共同努力加油打造更美好的未来！
916, 49839, 1, I love lai kok wai
917, 555585, 19, Good health and God's protection and blessings:)
918, 542117, 19, Travel round the world
919, 570022, 20, Fun
920, 570022, 20, Seaon greetings
921, 640466, 22, Happy holiday
922, 461020, 16, We wish you a Merry Christmas(3X)~And Happy New Year 2016!!! ^^  Love All💕
923, 410671, 15, 祝:新加坡国泰民安,经济繁荣向上,愿:人人老有所依,家庭和睦。新加坡50岁生日快乐!世界永远和平!DH&BTL
924, 410671, 15, 💐💐🎂🎂🎂💐💐
925, 120708, 4, Merry Christmas :)
926, 730704, 25, Happy holidays! ,
927, 570102, 20, Wish everybody good health , happy!
928, 689048, 23, More initiatives from both government & private sectors to bring out our nation value, efficiency, effectiveness & abilities.
929, 429325, 15, I love singapore my  homeland hoorays!
930, 536126, 19, Happy holidays to all!!!
931, 806350, 28, Smile and be happy!!
932, 460185, 16,
933, 460185, 16, Merry Xmas
934, 140024, 5, Love ALL!
935, 140024, 5, Singapore is the BEST! - Twisha
936, 140024, 5, I love S'pore! - Twisha
937, 140024, 5,
938, 140024, 5,
939, 161057, 6,
940, 161057, 6,
941, 470718, 16,
942, 519959, 18,
943, 519959, 18, Fe
944, 520872, 18,
945, 560533, 19,
946, 520262, 18, Hurrdurr
947, 760638, 26, Cheer :)
948, 347499, 13,
949, 520229, 18,
950, 520229, 18,
951, 357799, 13,
952, 525450, 18, I want to go on Europe Tour.
953, 48616, 1,
954, 640603, 22,
955, 366200, 13,
956, 640603, 22,
957, 558453, 19, Merry Christmas to everyone!
958, 640186, 22, Merry xmas kafir!
959, 461033, 16, HDjdjfjf
960, 460420, 16, JFjdkdkg
961, 161005, 6, Sweet Dreams
962, 370201, 14,
963, 49868, 1, Happy christmas
964, 270026, 11, Happy and blessed new year :)
965, 229784, 9, Merry Xmas Naty!:)
966, 138601, 5, Merry Christmas Singapore
967, 570177, 20,
968, 570181, 20, Fighting = 加油, 退一步海阔天空
969, 570177, 20, 祝世上每个人：, 圣诞快乐
新年快乐

970, 449300, 15,
971, 541224, 19, 願主賜福我们的国家,国运昌隆,人民生活幸福。
972, 567846, 19,
973, 682688, 23, Happy new year!!!
974, 760246, 26, Hope everything will be smoother
975, 98411, 3, Merry Christmas!
976, 592001, 21, Hey
977, 461221, 16,
978, 461221, 16, 人民爱国、政府爱民、大家携手共创辉煌。
979, 640852, 22,
980, 750309, 26,
981, 138638, 5, Simon and main are here!
982, 461020, 16, Happy Holiday^^
983, 370036, 14, I love u mama
984, 370036, 14, Hi
985, 310258, 12, Happy Singapore 50
986, 48616, 1, !!!!
987, 469987, 16, Welcome to Singapore !
988, 544324, 19, Pass my exams
989, 544324, 19, Graduate from poly!!
990, 544324, 19, Wish i can pass my exams!!!
991, 439957, 15, may all singaporean have a blessed New Year with good health  and happiness always.
992, 439957, 15, May Singapore prosper for another 50 years, may all our wishes come true !
993, 254876, 10,
994, 160142, 6, Hi
995, 248728, 10, I love my cousins!
996, 530447, 19, Happy new year!!
997, 650177, 22, Merry Xmas !
998, 49860, 1, Happy Nee Year
999, 49819, 1, Happy Xu Jie,
1000, 460130, 16, Hi hi
1001, 48624, 1, Hi hi
1002, 319772, 12,
1003, 570148, 20, #cheneyjaney
1004, 360018, 13,
1005, 100244, 3, Happy holiday Nigel!
1006, 155643, 5, Happy birthday Ethan!!!!!!!!
1007, 210011, 9, mei is a stick
1008, 373018, 14, Hello my bro
1009, 48624, 1, What postal code aia
1010, 49178, 1,
1011, 49178, 1, Fuck  father Christmas !
1012, 49178, 1, J'appuie new year
1013, 600265, 21, Season's Greetings and Happy New Year 2016
1014, 509373, 17, hello
1015, 560622, 19,
1016, 460106, 16, Hope everyone ard me w always be happy and healthy! Wish their wish come true!
1017, 680436, 23,
1018, 600408, 21, Happy year
1019, 804857, 28, Happy new year!
1020, 48624, 1, Happy anniversary
1021, 140132, 5, Towards a better future!
1022, 600408, 21,
1023, 600408, 21,
1024, 140132, 5, i wish that everyone have a great holiday
1025, 600412, 21,
1026, 600408, 21,
1027, 600408, 21,
1028, 612365, 22,
1029, 625874, 22,
1030, 600408, 21,
1031, 140132, 5, I wish I have a dog
1032, 600408, 21, Wishing all a Happy new year!!!!
1033, 568948, 19,
1034, 685413, 23,
1035, 600405, 21,
1036, 641857, 22,
1037, 611478, 22,
1038, 685472, 23,
1039, 608591, 21,
1040, 18984, 1,
1041, 390047, 14, Happy Bew Year!
1042, 600408, 21,
1043, 465558, 16,
1044, 68896, 2,
1045, 550116, 19, Merry Christmas and A Happy New Year
1046, 49909, 1, Dolly
1047, 541297, 19,
1048, 600023, 21, Wish to travel ard e world
1049, 640199, 22, Travelling around the world
1050, 207551, 8,
1051, 146782, 5, Hey beautiful Singapore! Stay fresh, stay happy, enjoy life.
1052, 298978, 11, Happy holidays!
1053, 310063, 12, I love singapore and a happy holiday to you all!!!
1054, 530242, 19,
1055, 48624, 1, doodoos unite
1056, 520720, 18, Nyeong!
1057, 530437, 19, Blessed Christmas and happy new year!!
1058, 112411, 4,
1059, 555555, 19,
1060, 737853, 25, Happy birthday singapore
1061, 111111, 4, JDjjddf
1062, 333333, 13,
1063, 222222, 9,
1064, 666666, 23,
1065, 555555, 19,
1066, 656487, 22,
1067, 700000, 24,
1068, 650000, 22,
1069, 555555, 19, G
1070, 750000, 26,
1071, 790000, 28,
1072, 799999, 28,
1073, 699999, 23,
1074, 688888, 23,
1075, 540155, 19, Happy Holidays and happy new year Singapore
1076, 50335, 1, Season's greetings.
1077, 510613, 18, Happy Holidays!
1078, 180001, 7, I wish i win lots of money in lottery.
1079, 808700, 28, I love you!
1080, 510235, 18, I wish i have 1000 more wishes :)
1081, 358843, 13, Blessed Christmas to Eunice!
1082, 409030, 14, Merry Christmas from Kino Biotech
1083, 727666, 24, Test
1084, 560614, 19,
1085, 521229, 18, Happy 2016!! best wishes. xoxo
1086, 487476, 17, Love and happiness, peace and joy
1087, 460112, 16, Happy holidays and a Happy New Year!
1088, 730732, 25, Need more love and loyalty
1089, 521229, 18, xoxo
1090, 560513, 19, Happy sG
1091, 560513, 19, Yo everyone!!
1092, 140090, 5,
1093, 400324, 14, Happy new year!
1094, 199007, 8, Hello!
1095, 167026, 6, Hi!
1096, 248368, 10, Peace for all. Happy new year
1097, 248368, 10,
1098, 248368, 10, Peace and love. Happy New Year 2016
1099, 568836, 19, hi
1100, 568836, 19,
1101, 560666, 19, I am here
1102, 58670, 1,
1103, 390043, 14, I love Singapore!
1104, 556499, 19,
1105, 640619, 22, Hi hello
1106, 309311, 12, Happy new year!
1107, 238257, 10, It's ladies night Andrea
1108, 654321, 22, Merry christmas
1109, 642200, 22, Happy new year!
1110, 123456, 4, Hey hey
1111, 575574, 20, World peace!!!
1112, 370047, 14, ♡
1113, 255555, 10, Happy new year!
1114, 255555, 10, Hi
1115, 348271, 13, Baboy si jec!
1116, 461020, 16, Here's Wishing Happy Holiday and Happy New Year 2016 to you!!!^^
1117, 90101, 3,
1118, 543306, 19, Cool!
1119, 543306, 19, Cheers!
1120, 543308, 19, Yoohoo!
1121, 546695, 19, Yo
1122, 543365, 19, A
1123, 167026, 6, yay!
1124, 541258, 19, yay!
1125, 511526, 18, Happy errday everyday
1126, 478931, 16, Singapore is the best
1127, 344479, 13, Wish 2016 is better than 2015!
1128, 80009, 3, Peace and harmony
1129, 760246, 26, 希望大家在走向 SG100 的日子里都会团结一致,健康无病,幸福快乐!!!MAJULAH SINGAPURA!!!🇸🇬
1130, 590001, 21,
1131, 590001, 21,
1132, 319762, 12,
1133, 590001, 21,
1134, 590001, 21,
1135, 319762, 12,
1136, 590001, 21,
1137, 590001, 21,
1138, 590001, 21,
1139, 521147, 18, Happy new year!!!
1140, 48624, 1, happy miss gu
1141, 160055, 6, Happy new year to all you wonderful Singaporeans!
1142, 555555, 19,
1143, 310173, 12, Вечная семья
1144, 730000, 25, 2016 !!
1145, 429101, 15,
1146, 417725, 15,
1147, 429101, 15, HELLO
1148, 429101, 15, Peace joy and love to all mankind
1149, 121900, 4, love you laki
1150, 599489, 21,
1151, 591501, 21, Hello
1152, 270041, 11,
1153, 640408, 22, Hi
1154, 460004, 16,
1155, 737917, 25, May god bless me and my family for the year ahead
1156, 179365, 7,
1157, 179365, 7, I love you singapore
1158, 570289, 20, May the world full of love and peace., Happy New Year 2016
1159, 179635, 7, Wow a beauty
1160, 169278, 6,
1161, 127725, 4,
1162, 169278, 6,
1163, 127725, 4, Push on!!! Good luck for 2016!!!
1164, 169278, 6,
1165, 169278, 6,
1166, 48624, 1,
1167, 461107, 16, Happy new year 2016.,
1168, 429101, 15, Blessed 2016!!
1169, 609778, 21,
1170, 271006, 11,
1171, 648923, 22, May the year 2016 be a Prosperous Year for Singapore!!!
1172, 460132, 16,
1173, 310160, 12,
1174, 310160, 12,
1175, 429101, 15,
1176, 330004, 13,
1177, 520241, 18, Jdjdnjdklajdbjc
1178, 80011, 3,
1179, 764348, 26, Peace, no war, happy everybody
1180, 520288, 18, Happy 2016
1181, 506867, 17, Hello happy new year
1182, 310155, 12, An ever prosperous 2016 to Singapore!
1183, 311101, 12, Peace and harmony for singapore!! Happy 2016!! :)
1184, 48624, 1, Peace and harmony for singapore! Happy 2016!! :)
1185, 121000, 4, happy new year！
1186, 48624, 1, Well done Singapore government for making Singapore a handicap friendly place hour mobility. Unfortunately we found UOB Bldg not friendly at all. No ramp for wheelchair
1187, 570245, 20, Gg
1188, 520888, 18, Hi I am Wani
1189, 579942, 20, How is life
1190, 398484, 14, Find true love this year
1191, 555999, 19,
1192, 550114, 19, SG50 has ended.... what lies in stall for SG51?
1193, 650308, 22, Happy New Year
1194, 590001, 21,
1195, 680434, 23,
1196, 83256, 3, Visit the city, feel the vibe!
1197, 13212, 1, Visit the city, feel the vibe! Yes!
1198, 530534, 19, Happy New Year 2016
1199, 18977, 1,
1200, 271006, 11, Happy new year
1201, 537527, 19, Happy and blessed year
1202, 48624, 1, Happy and blessed year!
1203, 48624, 1, Have a happy year!
1204, 49860, 1, sudheer loves neha
1205, 49860, 1, i love singapore
1206, 519491, 18, Be happy
1207, 507516, 17, Love you Shelen!
1208, 528809, 18, World Peace
1209, 419017, 15, Happy birthday Papa
1210, 319771, 12, No more hangovers!b
1211, 48624, 1, Happy 2016!
1212, 48624, 1, Happy 2016 again
1213, 520226, 18, Happy new Year
1214, 520226, 18, I wish this year in japan
1215, 529880, 18, Happy Holidays
1216, 486587, 17, Happy New Year!!
1217, 530411, 19, Happy new year
1218, 674443, 23, Happy new year!!!
1219, 460418, 16, Happy 2016!
1220, 100000, 3, Lep Dan!
1221, 169278, 6,
1222, 16579, 1,
1223, 550335, 19,
1224, 238275, 10, Happy New Year Stephanie!
1225, 330093, 13, Love
1226, 68811, 2, I am so happy ! Spread love
1227, 140050, 5, Peace and joy
1228, 120411, 4,
1229, 380019, 14,
1230, 238258, 10,
1231, 461020, 16, Happy New Year 2016!!!^^ Wish Happiness, Health and Success in this year!!!^^ 💕
1232, 468938, 16, Love is all around
1233, 119232, 4, Happy 2016!
1234, 468531, 16, That's what I love :)
1235, 468938, 16, Happy 2016!
1236, 80333, 3, I love Singapore
1237, 670430, 23, I wish that Mother Earth lives on as long as possible.
1238, 8522, 1,
1239, 614337, 22, Happy new year!
1240, 614337, 22, Yeah!!!!!!
1241, 444444, 15,
1242, 730585, 25, I WAN TO BE RICH
1243, 614337, 22,
1244, 614337, 22,
1245, 207562, 8,
1246, 70120, 2,
1247, 480120, 17,
1248, 750120, 26,
1249, 461111, 16,
1250, 666666, 23,
1251, 222222, 9,
1252, 77777, 2,
1253, 750120, 26,
1254, 750120, 26,
1255, 77777, 2,
1256, 750120, 26,
1257, 77777, 2,
1258, 750120, 26,
1259, 480120, 17,
1260, 77777, 2,
1261, 750120, 26,
1262, 480120, 17,
1263, 77777, 2,
1264, 77777, 2,
1265, 750120, 26,
1266, 480120, 17,
1267, 70120, 2,
1268, 480120, 17,
1269, 614337, 22,
1270, 560459, 19,
1271, 614337, 22,
1272, 614337, 22,
1273, 480120, 17,
1274, 614337, 22,
1275, 480120, 17,
1276, 77777, 2,
1277, 614337, 22,
1278, 480120, 17,
1279, 480120, 17,
1280, 750120, 26,
1281, 560457, 19,
1282, 480120, 17,
1283, 614337, 22,
1284, 614337, 22,
1285, 480120, 17,
1286, 560457, 19,
1287, 750120, 26,
1288, 480120, 17,
1289, 614337, 22,
1290, 480120, 17,
1291, 70120, 2,
1292, 560457, 19,
1293, 480120, 17,
1294, 614337, 22,
1295, 480120, 17,
1296, 480120, 17,
1297, 560457, 19,
1298, 480120, 17,
1299, 614337, 22,
1300, 480120, 17,
1301, 480120, 17,
1302, 450120, 16,
1303, 614337, 22,
1304, 560457, 19,
1305, 450120, 16,
1306, 614337, 22,
1307, 480120, 17,
1308, 750120, 26,
1309, 480120, 17,
1310, 480120, 17,
1311, 70120, 2,
1312, 480120, 17,
1313, 614337, 22,
1314, 70120, 2,
1315, 750120, 26,
1316, 480120, 17,
1317, 614337, 22,
1318, 70120, 2,
1319, 750120, 26,
1320, 614337, 22,
1321, 614337, 22,
1322, 750120, 26,
1323, 480120, 17,
1324, 614337, 22,
1325, 480120, 17,
1326, 614337, 22,
1327, 70120, 2,
1328, 480120, 17,
1329, 750120, 26,
1330, 70120, 2,
1331, 480120, 17,
1332, 480120, 17,
1333, 614337, 22,
1334, 480120, 17,
1335, 750120, 26,
1336, 70120, 2,
1337, 480120, 17,
1338, 614337, 22,
1339, 70120, 2,
1340, 480120, 17,
1341, 480120, 17,
1342, 614337, 22,
1343, 70120, 2,
1344, 480120, 17,
1345, 480120, 17,
1346, 70120, 2,
1347, 614337, 22,
1348, 480120, 17,
1349, 480120, 17,
1350, 480120, 17,
1351, 480120, 17,
1352, 480120, 17,
1353, 480120, 17,
1354, 614337, 22,
1355, 480120, 17,
1356, 480120, 17,
1357, 614337, 22,
1358, 614337, 22,
1359, 480120, 17,
1360, 614337, 22,
1361, 480120, 17,
1362, 70120, 2,
1363, 750120, 26,
1364, 480120, 17,
1365, 614337, 22,
1366, 480120, 17,
1367, 614337, 22,
1368, 480120, 17,
1369, 614337, 22,
1370, 480120, 17,
1371, 614330, 22,
1372, 77777, 2,
1373, 750120, 26,
1374, 480120, 17,
1375, 77777, 2,
1376, 750120, 26,
1377, 480120, 17,
1378, 614337, 22,
1379, 77777, 2,
1380, 480120, 17,
1381, 480120, 17,
1382, 111111, 4,
1383, 480120, 17,
1384, 444444, 15,
1385, 614337, 22,
1386, 333333, 13,
1387, 480120, 17,
1388, 777777, 27,
1389, 750120, 26,
1390, 666666, 23,
1391, 614337, 22,
1392, 777477, 27,
1393, 614337, 22,
1394, 480120, 17,
1395, 444444, 15,
1396, 614337, 22,
1397, 480120, 17,
1398, 111111, 4,
1399, 614337, 22,
1400, 666666, 23,
1401, 480120, 17,
1402, 614337, 22,
1403, 111111, 4,
1404, 480120, 17,
1405, 614337, 22,
1406, 777777, 27,
1407, 480120, 17,
1408, 444444, 15,
1409, 750120, 26,
1410, 777777, 27,
1411, 480120, 17,
1412, 614337, 22,
1413, 666666, 23,
1414, 480120, 17,
1415, 555555, 19,
1416, 614337, 22,
1417, 480120, 17,
1418, 222222, 9,
1419, 614337, 22,
1420, 555555, 19,
1421, 480120, 17,
1422, 614337, 22,
1423, 222222, 9,
1424, 111111, 4,
1425, 614337, 22,
1426, 333333, 13,
1427, 614337, 22,
1428, 480120, 17,
1429, 677777, 23,
1430, 480120, 17,
1431, 750120, 26,
1432, 699999, 23,
1433, 480120, 17,
1434, 750120, 26,
1435, 222222, 9,
1436, 480120, 17,
1437, 614337, 22,
1438, 444444, 15,
1439, 750120, 26,
1440, 480120, 17,
1441, 777777, 27,
1442, 614337, 22,
1443, 480120, 17,
1444, 466666, 16,
1445, 750120, 26,
1446, 777777, 27,
1447, 480120, 17,
1448, 614337, 22,
1449, 750120, 26,
1450, 480120, 17,
1451, 477777, 16,
1452, 614337, 22,
1453, 222222, 9,
1454, 480120, 17,
1455, 480120, 17,
1456, 222222, 9,
1457, 481200, 17,
1458, 111111, 4,
1459, 480120, 17,
1460, 614337, 22,
1461, 466666, 16,
1462, 750120, 26,
1463, 777777, 27,
1464, 480120, 17,
1465, 466666, 16,
1466, 614337, 22,
1467, 480120, 17,
1468, 222222, 9,
1469, 480120, 17,
1470, 111111, 4,
1471, 480120, 17,
1472, 70120, 2,
1473, 777777, 27,
1474, 720888, 24,
1475, 480120, 17,
1476, 466666, 16,
1477, 555555, 19,
1478, 614776, 22,
1479, 666666, 23,
1480, 480120, 17,
1481, 208563, 8,
1482, 566666, 19,
1483, 70120, 2,
1484, 788888, 27,
1485, 614337, 22,
1486, 466666, 16,
1487, 480120, 17,
1488, 480120, 17,
1489, 480120, 17,
1490, 750120, 26,
1491, 611111, 22,
1492, 480120, 17,
1493, 480120, 17,
1494, 777777, 27,
1495, 614337, 22,
1496, 480120, 17,
1497, 750120, 26,
1498, 466666, 16,
1499, 480120, 17,
1500, 614337, 22,
1501, 222222, 9,
1502, 480120, 17,
1503, 222222, 9,
1504, 611111, 22,
1505, 750120, 26,
1506, 70120, 2,
1507, 611111, 22,
1508, 750120, 26,
1509, 611111, 22,
1510, 614337, 22,
1511, 480120, 17,
1512, 466666, 16,
1513, 750120, 26,
1514, 777777, 27,
1515, 480120, 17,
1516, 780120, 27,
1517, 317844, 12,
1518, 614337, 22,
1519, 480120, 17,
1520, 750120, 26,
1521, 677785, 23,
1522, 480120, 17,
1523, 611111, 22,
1524, 480120, 17,
1525, 611111, 22,
1526, 480120, 17,
1527, 120087, 4,
1528, 480120, 17,
1529, 671111, 23,
1530, 461111, 16,
1531, 750120, 26,
1532, 480120, 17,
1533, 480120, 17,
1534, 480120, 17,
1535, 614337, 22,
1536, 750120, 26,
1537, 611111, 22,
1538, 480120, 17,
1539, 614337, 22,
1540, 480120, 17,
1541, 611111, 22,
1542, 750120, 26,
1543, 480120, 17,
1544, 480120, 17,
1545, 750120, 26,
1546, 333333, 13,
1547, 70120, 2,
1548, 480120, 17,
1549, 611111, 22,
1550, 480120, 17,
1551, 614337, 22,
1552, 777777, 27, Rr
1553, 614337, 22,
1554, 480120, 17,
1555, 480200, 17,
1556, 480120, 17,
1557, 777777, 27,
1558, 70120, 2,
1559, 611111, 22,
1560, 120888, 4,
1561, 480120, 17,
1562, 677777, 23,
1563, 480120, 17,
1564, 222222, 9,
1565, 466666, 16,
1566, 750888, 26,
1567, 788888, 27,
1568, 480120, 17,
1569, 480120, 17,
1570, 461111, 16,
1571, 614337, 22,
1572, 480120, 17,
1573, 750120, 26,
1574, 480120, 17,
1575, 120888, 4,
1576, 611111, 22,
1577, 750120, 26,
1578, 480120, 17,
1579, 614337, 22,
1580, 225879, 9,
1581, 480120, 17,
1582, 456980, 16,
1583, 614444, 22,
1584, 480120, 17,
1585, 567895, 19,
1586, 480120, 17,
1587, 411111, 15, I
1588, 70120, 2,
1589, 480120, 17,
1590, 611111, 22,
1591, 615894, 22,
1592, 480120, 17,
1593, 548615, 19,
1594, 480120, 17,
1595, 611111, 22,
1596, 661455, 23,
1597, 480120, 17,
1598, 480120, 17,
1599, 613378, 22,
1600, 480120, 17,
1601, 466611, 16,
1602, 614337, 22,
1603, 480120, 17,
1604, 480120, 17,
1605, 611111, 22,
1606, 480120, 17,
1607, 70120, 2,
1608, 614377, 22,
1609, 120319, 4, The Lord blesses and be with you forever!
1610, 461111, 16,
1611, 211111, 9,
1612, 648697, 22,
1613, 671111, 23,
1614, 711111, 24,
1615, 480120, 17,
1616, 614337, 22,
1617, 70120, 2,
1618, 614337, 22,
1619, 70120, 2,
1620, 480120, 17,
1621, 614337, 22,
1622, 480120, 17,
1623, 480120, 17,
1624, 614337, 22,
1625, 461111, 16,
1626, 614337, 22,
1627, 611111, 22,
1628, 614337, 22,
1629, 711111, 24,
1630, 480120, 17,
1631, 799999, 28,
1632, 70120, 2,
1633, 461111, 16,
1634, 750120, 26,
1635, 611111, 22,
1636, 617337, 22,
1637, 0, 1,
1638, 558074, 19,
1639, 461111, 16,
1640, 711111, 24,
1641, 70500, 2,
1642, 563248, 19,
1643, 713395, 24,
1644, 480120, 17,
1645, 70456, 2,
1646, 358495, 13,
1647, 711111, 24,
1648, 753158, 26,
1649, 718956, 24,
1650, 711111, 24,
1651, 756231, 26,
1652, 111111, 4,
1653, 755804, 26,
1654, 480120, 17,
1655, 466666, 16,
1656, 741809, 25,
1657, 111111, 4,
1658, 480120, 17,
1659, 645861, 22,
1660, 480120, 17,
1661, 748089, 25,
1662, 671111, 23,
1663, 480120, 17,
1664, 680457, 23, Hola
1665, 485654, 17,
1666, 480120, 17,
1667, 111111, 4,
1668, 741238, 25,
1669, 480120, 17,
1670, 461111, 16,
1671, 123894, 4,
1672, 211111, 9,
1673, 614378, 22,
1674, 480120, 17,
1675, 611111, 22,
1676, 480120, 17,
1677, 70561, 2,
1678, 186477, 7,
1679, 614337, 22,
1680, 480120, 17,
1681, 480562, 17,
1682, 480120, 17,
1683, 75698, 2,
1684, 777777, 27,
1685, 766455, 26,
1686, 480120, 17,
1687, 756128, 26,
1688, 111111, 4,
1689, 480120, 17,
1690, 750268, 26,
1691, 614956, 22,
1692, 480120, 17,
1693, 70561, 2,
1694, 444444, 15,
1695, 120678, 4,
1696, 614337, 22,
1697, 120329, 4, Hi
1698, 155555, 5, adfadf
1699, 120688, 4, hi
1700, 461020, 16, Happy Mood On!✨🙆😍
1701, 460065, 16, May all Singaporean enjoy peace, prosperity and health for the next 50 years.
1702, 449297, 15, This is really amazing., I lOVE SINGAPORE!
1703, 598720, 21,
1704, 461020, 16, Happy💕
1705, 461020, 16, Happy💕
