{"__v":0,"_id":{"$oid":"56431602a5b7e84f441f9823"},"count":1705,"district":0}
{"__v":0,"_id":{"$oid":"56431602a5b7e84f441f9824"},"count":49,"district":1}
{"__v":0,"_id":{"$oid":"56431602a5b7e84f441f9825"},"count":42,"district":2}
{"__v":0,"_id":{"$oid":"56431602a5b7e84f441f9826"},"count":20,"district":3}
{"__v":0,"_id":{"$oid":"56431602a5b7e84f441f9827"},"count":63,"district":4}
{"__v":0,"_id":{"$oid":"56431602a5b7e84f441f9828"},"count":47,"district":5}
{"__v":0,"_id":{"$oid":"56431602a5b7e84f441f9829"},"count":35,"district":6}
{"__v":0,"_id":{"$oid":"56431602a5b7e84f441f982a"},"count":10,"district":7}
{"__v":0,"_id":{"$oid":"56431602a5b7e84f441f982b"},"count":6,"district":8}
{"__v":0,"_id":{"$oid":"56431602a5b7e84f441f982c"},"count":25,"district":9}
{"__v":0,"_id":{"$oid":"56431602a5b7e84f441f982d"},"count":62,"district":10}
{"__v":0,"_id":{"$oid":"56431602a5b7e84f441f982e"},"count":11,"district":11}
{"__v":0,"_id":{"$oid":"56431602a5b7e84f441f982f"},"count":57,"district":12}
{"__v":0,"_id":{"$oid":"56431602a5b7e84f441f9830"},"count":40,"district":13}
{"__v":0,"_id":{"$oid":"56431602a5b7e84f441f9831"},"count":29,"district":14}
{"__v":0,"_id":{"$oid":"56431602a5b7e84f441f9832"},"count":38,"district":15}
{"__v":0,"_id":{"$oid":"56431602a5b7e84f441f9833"},"count":103,"district":16}
{"__v":0,"_id":{"$oid":"56431602a5b7e84f441f9834"},"count":259,"district":17}
{"__v":0,"_id":{"$oid":"56431602a5b7e84f441f9835"},"count":81,"district":18}
{"__v":0,"_id":{"$oid":"56431602a5b7e84f441f9836"},"count":130,"district":19}
{"__v":0,"_id":{"$oid":"56431602a5b7e84f441f9837"},"count":40,"district":20}
{"__v":0,"_id":{"$oid":"56431602a5b7e84f441f9838"},"count":126,"district":21}
{"__v":0,"_id":{"$oid":"56431602a5b7e84f441f9839"},"count":180,"district":22}
{"__v":0,"_id":{"$oid":"56431602a5b7e84f441f983a"},"count":95,"district":23}
{"__v":0,"_id":{"$oid":"56431602a5b7e84f441f983b"},"count":22,"district":24}
{"__v":0,"_id":{"$oid":"56431602a5b7e84f441f983c"},"count":24,"district":25}
{"__v":0,"_id":{"$oid":"56431602a5b7e84f441f983d"},"count":78,"district":26}
{"__v":0,"_id":{"$oid":"56431602a5b7e84f441f983e"},"count":24,"district":27}
{"__v":0,"_id":{"$oid":"56431602a5b7e84f441f983f"},"count":9,"district":28}
