x,y,i,j,0,100,200,300,400,500,600,700,800,900,1000,1100,1200
10,10,0,0,0,0,0,0,0,0,0,0,0,0,0,0,0
32,54,0,1,0,0,0,0,0,0,0,0,0,0,0,0,0
10,98,0,2,0,0,0,0,0,0,0,0,0,0,0,0,0
32,142,0,3,0,0,0,0,0,0,0,0,0,0,0,0,0
10,186,0,4,0,0,0,0,0,0,0,0,0,0,0,0,0
32,230,0,5,0,0,0,0,0,0,0,0,0,0,0,0,0
10,274,0,6,0,0,0,0,0,0,0,0,0,0,0,0,0
32,318,0,7,0,0,0,0,0,0,0,0,0,0,0,0,0
10,362,0,8,0,0,0,0,0,0,0,0,0,0,0,0,0
32,406,0,9,0,0,0,0,0,0,0,0,0,0,0,0,0
10,450,0,10,0,0,0,0,0,0,0,0,0,0,0,0,0
32,494,0,11,0,0,0,0,0,0,0,0,0,0,0,0,0
10,538,0,12,0,0,0,0,0,0,0,0,0,0,0,0,0
32,582,0,13,0,0,0,0,0,0,0,0,0,0,0,0,0
10,626,0,14,0,0,0,0,0,0,0,0,0,0,0,0,0
32,670,0,15,0,0,0,0,0,0,0,0,0,0,0,0,0
10,714,0,16,0,0,0,0,0,0,0,0,0,0,0,0,0
32,758,0,17,0,0,0,0,0,0,0,0,0,0,0,0,0
10,802,0,18,0,0,0,0,0,0,0,0,0,0,0,0,0
32,846,0,19,0,0,0,0,0,0,0,0,0,0,0,0,0
10,890,0,20,0,0,0,0,0,0,0,0,0,0,0,0,0
32,934,0,21,0,0,0,0,0,0,0,0,0,0,0,0,0
10,978,0,22,0,0,0,0,0,0,0,0,0,0,0,0,0
32,1022,0,23,0,0,0,0,0,0,0,0,0,0,0,0,0
10,1066,0,24,0,0,0,0,0,0,0,0,0,0,0,0,0
32,1110,0,25,0,0,0,0,0,0,0,0,0,0,0,0,0
10,1154,0,26,0,0,0,0,0,0,0,0,0,0,0,0,0
32,1198,0,27,0,0,0,0,0,0,0,0,0,0,0,0,0
10,1242,0,28,0,0,0,0,0,0,0,0,0,0,0,0,0
32,1286,0,29,0,0,0,0,0,0,0,0,0,0,0,0,0
54,10,1,0,0,0,0,0,0,0,0,0,0,0,0,0,0
76,54,1,1,0,0,0,0,0,0,0,0,0,0,0,0,0
54,98,1,2,0,0,0,0,0,0,0,0,0,0,0,0,0
76,142,1,3,0,0,0,0,0,0,0,0,0,0,0,0,0
54,186,1,4,0,0,0,0,0,0,0,0,0,0,0,0,0
76,230,1,5,0,0,0,0,0,0,0,0,0,0,0,0,0
54,274,1,6,0,0,0,0,0,0,0,0,0,0,0,0,0
76,318,1,7,0,0,0,0,0,0,0,0,0,0,0,0,0
54,362,1,8,0,0,0,0,0,0,0,0,0,0,0,0,0
76,406,1,9,0,0,0,0,0,0,0,0,0,0,0,0,0
54,450,1,10,0,0,0,0,0,0,0,0,0,0,0,0,0
76,494,1,11,0,0,0,0,0,0,0,0,0,0,0,0,0
54,538,1,12,0,0,0,0,0,0,0,0,0,0,0,0,0
76,582,1,13,0,0,0,0,0,0,0,0,0,0,0,0,0
54,626,1,14,0,0,0,0,0,0,0,0,0,0,0,0,0
76,670,1,15,0,0,0,0,0,0,0,0,0,0,0,0,0
54,714,1,16,0,0,0,0,0,0,0,0,0,0,0,0,0
76,758,1,17,0,0,0,0,0,0,0,0,0,0,0,0,0
54,802,1,18,0,0,0,0,0,0,0,0,0,0,0,0,0
76,846,1,19,0,0,0,0,0,0,0,0,0,0,0,0,0
54,890,1,20,0,0,0,0,0,0,0,0,0,0,0,0,0
76,934,1,21,0,0,0,0,0,0,0,0,0,0,0,0,0
54,978,1,22,0,0,0,0,0,0,0,0,0,0,0,0,0
76,1022,1,23,0,0,0,0,0,0,0,0,0,0,0,0,0
54,1066,1,24,0,0,0,0,0,0,0,0,0,0,0,0,0
76,1110,1,25,0,0,0,0,0,0,0,0,0,0,0,0,0
54,1154,1,26,0,0,0,0,0,0,0,0,0,0,0,0,0
76,1198,1,27,0,0,0,0,0,0,0,0,0,0,0,0,0
54,1242,1,28,0,0,0,0,0,0,0,0,0,0,0,0,0
76,1286,1,29,0,0,0,0,0,0,0,0,0,0,0,0,0
98,10,2,0,0,0,0,0,0,0,0,0,0,0,0,0,0
120,54,2,1,0,0,0,0,0,0,0,0,0,0,0,0,0
98,98,2,2,0,0,0,0,0,0,0,0,0,0,0,0,0
120,142,2,3,0,0,0,0,0,0,0,0,0,0,0,0,0
98,186,2,4,0,0,0,0,0,0,0,0,0,0,0,0,0
120,230,2,5,0,0,0,0,0,0,0,0,0,0,0,0,0
98,274,2,6,0,0,0,0,0,0,0,0,0,0,0,0,0
120,318,2,7,0,0,0,0,0,0,0,0,0,0,0,0,0
98,362,2,8,0,0,0,0,0,0,0,0,0,0,0,0,0
120,406,2,9,0,0,0,0,0,0,0,0,0,0,0,0,0
98,450,2,10,0,0,0,0,0,0,0,0,0,0,0,0,0
120,494,2,11,0,0,0,0,0,0,0,0,0,0,0,0,0
98,538,2,12,0,0,0,0,0,0,0,0,0,0,0,0,0
120,582,2,13,0,0,0,0,0,0,0,0,0,0,0,0,0
98,626,2,14,0,0,0,0,0,0,0,0,0,0,0,0,0
120,670,2,15,0,0,0,0,0,0,0,0,0,0,0,0,0
98,714,2,16,0,0,0,0,0,0,0,0,0,0,0,0,0
120,758,2,17,0,0,0,0,0,0,0,0,0,0,0,0,0
98,802,2,18,0,0,0,0,0,0,0,0,0,0,0,0,0
120,846,2,19,0,0,0,0,0,0,0,0,0,0,0,0,0
98,890,2,20,0,0,0,0,0,0,0,0,0,0,0,0,0
120,934,2,21,0,0,0,0,0,0,0,0,0,0,0,0,0
98,978,2,22,0,0,0,0,0,0,0,0,0,0,0,0,0
120,1022,2,23,0,0,0,0,0,0,0,0,0,0,0,0,0
98,1066,2,24,0,0,0,0,0,0,0,0,0,0,0,0,0
120,1110,2,25,0,0,0,0,0,0,0,0,0,0,0,0,0
98,1154,2,26,0,0,0,0,0,0,0,0,0,0,0,0,0
120,1198,2,27,0,0,0,0,0,0,0,0,0,0,0,0,0
98,1242,2,28,0,0,0,0,0,0,0,0,0,0,0,0,0
120,1286,2,29,0,0,0,0,0,0,0,0,0,0,0,0,0
142,10,3,0,0,0,0,0,0,0,0,0,0,0,0,0,0
164,54,3,1,0,0,0,0,0,0,0,0,0,0,0,0,0
142,98,3,2,0,0,0,0,0,0,0,0,0,0,0,0,0
164,142,3,3,0,0,0,0,0,0,0,0,0,0,0,0,0
142,186,3,4,0,0,0,0,0,0,0,0,0,0,0,0,0
164,230,3,5,0,0,0,0,0,0,0,0,0,0,0,0,0
142,274,3,6,0,0,0,0,0,0,0,0,0,0,0,0,0
164,318,3,7,0,0,0,0,0,0,0,0,0,0,0,0,0
142,362,3,8,0,0,0,0,0,0,0,0,0,0,0,0,0
164,406,3,9,0,0,0,0,0,0,0,0,0,0,0,0,0
142,450,3,10,0,0,0,0,0,0,0,0,0,0,0,0,0
164,494,3,11,0,0,0,0,0,0,0,0,0,0,0,0,0
142,538,3,12,0,0,0,0,0,0,0,0,0,0,0,0,0
164,582,3,13,0,0,0,0,0,0,0,0,0,0,0,0,0
142,626,3,14,0,0,0,0,0,0,0,0,0,0,0,0,0
164,670,3,15,0,0,0,0,0,0,0,0,0,0,0,0,0
142,714,3,16,0,0,0,0,0,0,0,0,0,0,0,0,0
164,758,3,17,0,0,0,0,0,0,0,0,0,0,0,0,0
142,802,3,18,0,0,0,0,0,0,0,0,0,0,0,0,0
164,846,3,19,0,0,0,0,0,0,0,0,0,0,0,0,0
142,890,3,20,0,0,0,0,0,0,0,0,0,0,0,0,0
164,934,3,21,0,0,0,0,0,0,0,0,0,0,0,0,0
142,978,3,22,0,0,0,0,0,0,0,0,0,0,0,0,0
164,1022,3,23,0,0,0,0,0,0,0,0,0,0,0,0,0
142,1066,3,24,0,0,0,0,0,0,0,0,0,0,0,0,0
164,1110,3,25,0,0,0,0,0,0,0,0,0,0,0,0,0
142,1154,3,26,0,0,0,0,0,0,0,0,0,0,0,0,0
164,1198,3,27,0,0,0,0,0,0,0,0,0,0,0,0,0
142,1242,3,28,0,0,0,0,0,0,0,0,0,0,0,0,0
164,1286,3,29,0,0,0,0,0,0,0,0,0,0,0,0,0
186,10,4,0,0,0,0,0,0,0,0,0,0,0,0,0,0
208,54,4,1,0,0,0,0,0,0,0,0,0,0,0,0,0
186,98,4,2,0,0,0,0,0,0,0,0,0,0,0,0,0
208,142,4,3,0,0,0,0,0,0,0,0,0,0,0,0,0
186,186,4,4,0,0,0,0,0,0,0,0,0,0,0,0,0
208,230,4,5,0,0,0,0,0,0,0,0,0,0,0,0,0
186,274,4,6,0,0,0,0,0,0,0,0,0,0,0,0,0
208,318,4,7,0,0,0,0,0,0,0,0,0,0,0,0,0
186,362,4,8,0,0,0,0,0,0,0,0,0,0,0,0,0
208,406,4,9,0,0,0,0,0,0,0,0,0,0,0,0,0
186,450,4,10,0,0,0,0,0,0,0,0,0,0,0,0,0
208,494,4,11,0,0,0,0,0,0,0,0,0,0,0,0,0
186,538,4,12,0,0,0,0,0,0,0,0,0,0,0,0,0
208,582,4,13,0,0,0,0,0,0,0,0,0,0,0,0,0
186,626,4,14,0,0,0,0,0,0,0,0,0,0,0,0,0
208,670,4,15,0,0,0,0,0,0,0,0,0,0,0,0,0
186,714,4,16,0,0,0,0,0,0,0,0,0,0,0,0,0
208,758,4,17,0,0,0,0,0,0,0,0,0,0,0,0,0
186,802,4,18,0,0,0,0,0,0,0,0,0,0,0,0,0
208,846,4,19,0,0,0,0,0,0,0,0,0,0,0,0,0
186,890,4,20,0,0,0,0,0,0,0,0,0,0,0,0,0
208,934,4,21,0,0,0,0,0,0,0,0,0,0,0,0,0
186,978,4,22,0,0,0,0,0,0,0,0,0,0,0,0,0
208,1022,4,23,0,0,0,0,0,0,0,0,0,0,0,0,0
186,1066,4,24,0,0,0,0,0,0,0,0,0,0,0,0,0
208,1110,4,25,0,0,0,0,0,0,0,0,0,0,0,0,0
186,1154,4,26,0,0,0,0,0,0,0,0,0,0,0,0,0
208,1198,4,27,0,0,0,0,0,0,0,0,0,0,0,0,0
186,1242,4,28,0,0,0,0,0,0,0,0,0,0,0,0,0
208,1286,4,29,0,0,0,0,0,0,0,0,0,0,0,0,0
230,10,5,0,0,0,0,0,0,0,0,0,0,0,0,0,0
252,54,5,1,0,0,0,0,0,0,0,0,0,0,0,0,0
230,98,5,2,0,0,0,0,0,0,0,0,0,0,0,0,0
252,142,5,3,0,0,0,0,0,0,0,0,0,0,0,0,0
230,186,5,4,0,0,0,0,0,0,0,0,0,0,0,0,0
252,230,5,5,0,0,0,0,0,0,0,0,0,0,0,0,0
230,274,5,6,0,0,0,0,0,0,0,0,0,0,0,0,0
252,318,5,7,0,0,0,0,0,0,0,0,0,0,0,0,0
230,362,5,8,0,0,0,0,0,0,0,0,0,0,0,0,0
252,406,5,9,0,0,0,0,0,0,0,0,0,0,0,0,0
230,450,5,10,0,0,0,0,0,0,0,0,0,0,0,0,0
252,494,5,11,0,0,0,0,0,0,0,0,0,0,0,0,0
230,538,5,12,0,0,0,0,0,0,0,0,0,0,0,0,0
252,582,5,13,0,0,0,0,0,0,0,0,0,0,0,0,0
230,626,5,14,0,0,0,0,0,0,0,0,0,0,0,0,0
252,670,5,15,0,0,0,0,0,0,0,0,0,0,0,0,0
230,714,5,16,0,0,0,0,0,0,0,0,0,0,0,0,0
252,758,5,17,0,0,0,0,0,0,0,0,0,0,0,0,0
230,802,5,18,0,0,0,0,0,0,0,0,0,0,0,0,0
252,846,5,19,0,0,0,0,0,0,0,0,0,0,0,0,0
230,890,5,20,0,0,0,0,0,0,0,0,0,0,0,0,0
252,934,5,21,0,0,0,0,0,0,0,0,0,0,0,0,0
230,978,5,22,0,0,0,0,0,0,0,0,0,0,0,0,0
252,1022,5,23,0,0,0,0,0,0,0,0,0,0,0,0,0
230,1066,5,24,0,0,0,0,0,0,0,0,0,0,0,0,0
252,1110,5,25,0,0,0,0,0,0,0,0,0,0,0,0,0
230,1154,5,26,0,0,0,0,0,0,0,0,0,0,0,0,0
252,1198,5,27,0,0,0,0,0,0,0,0,0,0,0,0,0
230,1242,5,28,0,0,0,0,0,0,0,0,0,0,0,0,0
252,1286,5,29,0,0,0,0,0,0,0,0,0,0,0,0,0
274,10,6,0,0,0,0,0,0,0,0,0,0,0,0,0,0
296,54,6,1,0,0,0,0,0,0,0,0,0,0,0,0,0
274,98,6,2,0,0,0,0,0,0,0,0,0,0,0,0,0
296,142,6,3,0,0,0,0,0,0,0,0,0,0,0,0,0
274,186,6,4,0,0,0,0,0,0,0,0,0,0,0,0,0
296,230,6,5,0,0,0,0,0,0,0,0,0,0,0,0,0
274,274,6,6,0,0,0,0,0,0,0,0,0,0,0,0,0
296,318,6,7,0,0,0,0,0,0,0,0,0,0,0,0,0
274,362,6,8,0,0,0,0,0,0,0,0,0,0,0,0,0
296,406,6,9,0,0,0,0,0,0,0,0,0,0,0,0,0
274,450,6,10,0,0,0,0,0,0,0,0,0,0,0,0,0
296,494,6,11,0,0,0,0,0,0,0,0,0,0,0,0,0
274,538,6,12,0,0,0,0,0,0,0,0,0,0,0,0,0
296,582,6,13,0,0,0,0,0,0,0,0,0,0,0,0,0
274,626,6,14,0,0,0,0,0,0,0,0,0,0,0,0,0
296,670,6,15,0,0,0,0,0,0,0,0,0,0,0,0,0
274,714,6,16,0,0,0,0,0,0,0,0,0,0,0,0,0
296,758,6,17,0,0,0,0,0,0,0,0,0,0,0,0,0
274,802,6,18,0,0,0,0,0,0,0,0,0,0,0,0,0
296,846,6,19,0,0,0,0,0,0,0,0,0,0,0,0,0
274,890,6,20,0,0,0,0,0,0,0,0,0,0,0,0,0
296,934,6,21,0,0,0,0,0,0,0,0,0,0,0,0,0
274,978,6,22,0,0,0,0,0,0,0,0,0,0,0,0,0
296,1022,6,23,0,0,0,0,0,0,0,0,0,0,0,0,0
274,1066,6,24,0,0,0,0,0,0,0,0,0,0,0,0,0
296,1110,6,25,0,0,0,0,0,0,0,0,0,0,0,0,0
274,1154,6,26,0,0,0,0,0,0,0,0,0,0,0,0,0
296,1198,6,27,0,0,0,0,0,0,0,0,0,0,0,0,0
274,1242,6,28,0,0,0,0,0,0,0,0,0,0,0,0,0
296,1286,6,29,0,0,0,0,0,0,0,0,0,0,0,0,0
318,10,7,0,0,0,0,0,0,0,0,0,0,0,0,0,0
340,54,7,1,0,0,0,0,0,0,0,0,0,0,0,0,0
318,98,7,2,0,0,0,0,0,0,0,0,0,0,0,0,0
340,142,7,3,0,0,0,0,0,0,0,0,0,0,0,0,0
318,186,7,4,0,0,0,0,0,0,0,0,0,0,0,0,0
340,230,7,5,0,0,0,0,0,0,0,0,0,0,0,0,0
318,274,7,6,0,0,0,0,0,0,0,0,0,0,0,0,0
340,318,7,7,0,0,0,0,0,0,0,0,0,0,0,0,0
318,362,7,8,0,0,0,0,0,0,0,0,0,0,0,0,0
340,406,7,9,0,0,0,0,0,0,0,0,0,0,0,0,0
318,450,7,10,0,0,0,0,0,0,0,0,0,0,0,0,0
340,494,7,11,0,0,0,0,0,0,0,0,0,0,0,0,0
318,538,7,12,0,0,0,0,0,0,0,0,0,0,0,0,0
340,582,7,13,0,0,0,0,0,0,0,0,0,0,0,0,0
318,626,7,14,0,0,0,0,0,0,0,0,0,0,0,0,0
340,670,7,15,0,0,0,0,0,0,0,0,0,0,0,0,0
318,714,7,16,0,0,0,0,0,0,0,0,0,0,0,0,0
340,758,7,17,0,0,0,0,0,0,0,0,0,0,0,0,0
318,802,7,18,0,0,0,0,0,0,0,0,0,0,0,0,0
340,846,7,19,0,0,0,0,0,0,0,0,0,0,0,0,0
318,890,7,20,0,0,0,0,0,0,0,0,0,0,0,0,0
340,934,7,21,0,0,0,0,0,0,0,0,0,0,0,0,0
318,978,7,22,0,0,0,0,0,0,0,0,0,0,0,0,0
340,1022,7,23,0,0,0,0,0,0,0,0,0,0,0,0,0
318,1066,7,24,0,0,0,0,0,0,0,0,0,0,0,0,0
340,1110,7,25,0,0,0,0,0,0,0,0,0,0,0,0,0
318,1154,7,26,0,0,0,0,0,0,0,0,0,0,0,0,0
340,1198,7,27,0,0,0,0,0,0,0,0,0,0,0,0,0
318,1242,7,28,0,0,0,0,0,0,0,0,0,0,0,0,0
340,1286,7,29,0,0,0,0,0,0,0,0,0,0,0,0,0
362,10,8,0,0,0,0,0,0,0,0,0,0,0,0,0,0
384,54,8,1,0,0,0,0,0,0,0,0,0,0,0,0,0
362,98,8,2,0,0,0,0,0,0,0,0,0,0,0,0,0
384,142,8,3,0,0,0,0,0,0,0,0,0,0,0,0,0
362,186,8,4,0,0,0,0,0,0,0,0,0,0,0,0,0
384,230,8,5,0,0,0,0,0,0,0,0,0,0,0,0,0
362,274,8,6,0,0,0,0,0,0,0,0,0,0,0,0,0
384,318,8,7,0,0,0,0,0,0,0,0,0,0,0,0,0
362,362,8,8,0,0,0,0,0,0,0,0,0,0,0,0,0
384,406,8,9,0,0,0,0,0,0,0,0,0,0,1,0,0
362,450,8,10,0,0,0,0,0,0,0,0,0,1,0,1,0
384,494,8,11,0,0,0,0,0,0,0,1,0,0,0,0,0
362,538,8,12,0,0,0,0,0,0,1,0,0,0,0,0,0
384,582,8,13,0,0,0,0,0,1,0,0,0,0,0,0,0
362,626,8,14,0,0,0,0,1,0,0,0,0,0,0,0,0
384,670,8,15,0,0,0,0,0,0,0,0,0,0,0,0,0
362,714,8,16,0,0,0,0,0,0,0,0,0,0,0,0,0
384,758,8,17,0,0,0,0,0,0,0,0,0,0,0,0,0
362,802,8,18,0,0,0,0,0,0,0,0,0,0,0,0,0
384,846,8,19,0,0,0,0,0,0,0,0,0,0,0,0,0
362,890,8,20,0,0,0,0,0,0,0,0,0,0,0,0,0
384,934,8,21,0,0,0,0,0,0,0,0,0,0,0,0,0
362,978,8,22,0,0,0,0,0,0,0,0,0,0,0,0,0
384,1022,8,23,0,0,0,0,0,0,0,0,0,0,0,0,0
362,1066,8,24,0,0,0,0,0,0,0,0,0,0,0,0,0
384,1110,8,25,0,0,0,0,0,0,0,0,0,0,0,0,0
362,1154,8,26,0,0,0,0,0,0,0,0,0,0,0,0,0
384,1198,8,27,0,0,0,0,0,0,0,0,0,0,0,0,0
362,1242,8,28,0,0,0,0,0,0,0,0,0,0,0,0,0
384,1286,8,29,0,0,0,0,0,0,0,0,0,0,0,0,0
406,10,9,0,0,0,0,0,0,0,0,0,0,0,0,0,0
428,54,9,1,0,0,0,0,0,0,0,0,0,0,0,0,0
406,98,9,2,0,0,0,0,0,0,0,0,0,0,0,0,0
428,142,9,3,0,0,0,0,0,0,0,0,0,0,0,0,0
406,186,9,4,0,0,0,0,0,0,0,0,0,0,0,0,0
428,230,9,5,0,0,0,0,0,0,0,0,0,0,0,0,0
406,274,9,6,0,0,0,0,0,0,0,0,0,0,0,0,0
428,318,9,7,0,0,0,0,0,0,0,0,0,0,0,0,0
406,362,9,8,0,0,0,0,0,0,0,0,0,0,0,0,0
428,406,9,9,0,0,0,0,0,0,0,0,0,0,0,0,0
406,450,9,10,0,0,0,0,0,0,0,0,1,0,0,0,0
428,494,9,11,0,0,0,0,0,0,0,0,0,0,0,0,0
406,538,9,12,0,0,0,0,0,0,0,0,0,0,0,0,0
428,582,9,13,0,0,0,0,0,0,0,1,0,1,0,0,0
406,626,9,14,0,0,0,1,0,0,1,0,0,0,0,0,0
428,670,9,15,0,0,0,0,0,0,0,0,0,0,0,0,0
406,714,9,16,0,0,0,0,0,0,0,0,0,0,0,0,0
428,758,9,17,0,0,0,0,0,0,0,0,0,0,0,0,0
406,802,9,18,0,0,0,0,0,0,0,0,0,0,0,0,0
428,846,9,19,0,0,0,0,0,0,0,0,0,0,0,0,0
406,890,9,20,0,0,0,0,0,0,0,0,0,0,0,0,0
428,934,9,21,0,0,0,0,0,0,0,0,0,0,0,0,0
406,978,9,22,0,0,0,0,0,0,0,0,0,0,0,0,0
428,1022,9,23,0,0,0,0,0,0,0,0,0,0,0,0,0
406,1066,9,24,0,0,0,0,0,0,0,0,0,0,0,0,0
428,1110,9,25,0,0,0,0,0,0,0,0,0,0,0,0,0
406,1154,9,26,0,0,0,0,0,0,0,0,0,0,0,0,0
428,1198,9,27,0,0,0,0,0,0,0,0,0,0,0,0,0
406,1242,9,28,0,0,0,0,0,0,0,0,0,0,0,0,0
428,1286,9,29,0,0,0,0,0,0,0,0,0,0,0,0,0
450,10,10,0,0,0,0,0,0,0,0,0,0,0,0,0,0
472,54,10,1,0,0,0,0,0,0,0,0,0,0,0,0,0
450,98,10,2,0,0,0,0,0,0,0,0,0,0,0,0,0
472,142,10,3,0,0,0,0,0,0,0,0,0,0,0,0,0
450,186,10,4,0,0,0,0,0,0,0,0,0,0,0,0,0
472,230,10,5,0,0,0,0,0,0,0,0,0,0,0,0,0
450,274,10,6,0,0,0,0,0,0,0,0,0,0,0,0,0
472,318,10,7,0,0,0,0,0,0,0,0,0,0,0,0,0
450,362,10,8,0,0,0,0,0,0,0,0,0,0,0,0,0
472,406,10,9,0,0,0,0,0,0,0,0,0,0,0,0,0
450,450,10,10,0,0,0,0,0,0,0,0,0,0,0,0,0
472,494,10,11,0,0,0,0,0,0,0,0,0,0,0,0,0
450,538,10,12,0,0,0,0,0,0,0,0,1,0,0,0,0
472,582,10,13,0,0,0,0,0,0,0,0,0,0,1,0,0
450,626,10,14,0,0,1,0,0,1,0,0,0,0,0,0,0
472,670,10,15,0,0,0,0,1,0,0,0,0,0,0,0,0
450,714,10,16,0,0,0,0,0,0,0,0,0,0,0,0,0
472,758,10,17,0,0,0,0,0,0,0,0,0,0,0,0,0
450,802,10,18,0,0,0,0,0,0,0,0,0,0,0,0,0
472,846,10,19,0,0,0,0,0,0,0,0,0,0,0,0,0
450,890,10,20,0,0,0,0,0,0,0,0,0,0,0,0,0
472,934,10,21,0,0,0,0,0,0,0,0,0,0,0,0,0
450,978,10,22,0,0,0,0,0,0,0,0,0,0,0,0,0
472,1022,10,23,0,0,0,0,0,0,0,0,0,0,0,0,0
450,1066,10,24,0,0,0,0,0,0,0,0,0,0,0,0,0
472,1110,10,25,0,0,0,0,0,0,0,0,0,0,0,0,0
450,1154,10,26,0,0,0,0,0,0,0,0,0,0,0,0,0
472,1198,10,27,0,0,0,0,0,0,0,0,0,0,0,0,0
450,1242,10,28,0,0,0,0,0,0,0,0,0,0,0,0,0
472,1286,10,29,0,0,0,0,0,0,0,0,0,0,0,0,0
494,10,11,0,0,0,0,0,0,0,0,0,0,0,0,0,0
516,54,11,1,0,0,0,0,0,0,0,0,0,0,0,0,0
494,98,11,2,0,0,0,0,0,0,0,0,0,0,0,0,0
516,142,11,3,0,0,0,0,0,0,0,0,0,0,0,0,0
494,186,11,4,0,0,0,0,0,0,0,0,0,0,0,0,0
516,230,11,5,0,0,0,0,0,0,0,0,0,0,0,0,0
494,274,11,6,0,0,0,0,0,0,0,0,0,0,0,0,0
516,318,11,7,0,0,0,0,0,0,0,0,0,0,0,0,0
494,362,11,8,0,0,0,0,0,0,0,0,0,0,0,0,0
516,406,11,9,0,0,0,0,0,0,0,0,0,0,0,0,0
494,450,11,10,0,0,0,0,0,0,0,0,0,0,0,0,0
516,494,11,11,0,0,0,0,0,0,0,0,0,0,0,0,0
494,538,11,12,0,0,0,0,0,0,0,0,0,0,0,0,0
516,582,11,13,0,0,0,0,0,0,0,0,0,0,0,0,0
494,626,11,14,0,0,0,0,0,0,0,0,0,1,0,0,0
516,670,11,15,0,0,0,0,0,0,0,0,1,0,0,0,0
494,714,11,16,0,0,0,1,0,0,0,0,0,0,0,0,0
516,758,11,17,0,0,0,0,0,0,0,0,0,0,0,0,0
494,802,11,18,0,0,0,0,0,0,0,0,0,0,0,0,0
516,846,11,19,0,0,0,0,0,0,0,0,0,0,0,0,0
494,890,11,20,0,0,0,0,0,0,0,0,0,0,0,0,0
516,934,11,21,0,0,0,0,0,0,0,0,0,0,0,0,0
494,978,11,22,0,0,0,0,0,0,0,0,0,0,0,0,0
516,1022,11,23,0,0,0,0,0,0,0,0,0,0,0,0,0
494,1066,11,24,0,0,0,0,0,0,0,0,0,0,0,0,0
516,1110,11,25,0,0,0,0,0,0,0,0,0,0,0,0,0
494,1154,11,26,0,0,0,0,0,0,0,0,0,0,0,0,0
516,1198,11,27,0,0,0,0,0,0,0,0,0,0,0,0,0
494,1242,11,28,0,0,0,0,0,0,0,0,0,0,0,0,0
516,1286,11,29,0,0,0,0,0,0,0,0,0,0,0,0,0
538,10,12,0,0,0,0,0,0,0,0,0,0,0,0,0,0
560,54,12,1,0,0,0,0,0,0,0,0,0,0,0,0,0
538,98,12,2,0,0,0,0,0,0,0,0,0,0,0,0,0
560,142,12,3,0,0,0,0,0,0,0,0,0,0,0,0,0
538,186,12,4,0,0,0,0,0,0,0,0,0,0,0,0,0
560,230,12,5,0,0,0,0,0,0,0,0,0,0,0,0,0
538,274,12,6,0,0,0,0,0,0,0,0,0,0,0,0,0
560,318,12,7,0,0,0,0,0,0,0,0,0,0,0,0,0
538,362,12,8,0,0,0,0,0,0,0,0,0,0,0,0,0
560,406,12,9,0,0,0,0,0,0,0,0,0,0,0,0,0
538,450,12,10,0,0,0,0,0,0,0,0,0,0,0,0,0
560,494,12,11,0,0,0,0,0,1,0,0,1,0,1,0,0
538,538,12,12,0,0,0,0,0,0,0,0,0,0,0,0,0
560,582,12,13,0,0,0,0,0,0,0,0,0,0,0,0,0
538,626,12,14,0,0,0,0,0,0,0,0,0,0,0,0,0
560,670,12,15,0,0,0,0,0,1,0,1,0,0,0,0,0
538,714,12,16,0,0,0,0,0,0,0,0,0,0,0,0,0
560,758,12,17,0,0,0,0,0,0,0,0,0,0,0,0,0
538,802,12,18,0,0,0,0,0,0,0,0,0,0,0,0,0
560,846,12,19,0,0,0,0,0,0,0,0,0,0,0,0,0
538,890,12,20,0,0,0,0,0,0,0,0,0,0,0,0,0
560,934,12,21,0,0,0,0,0,0,0,0,0,0,0,0,0
538,978,12,22,0,0,0,0,0,0,0,0,0,0,0,0,0
560,1022,12,23,0,0,0,0,0,0,0,0,0,0,0,0,0
538,1066,12,24,0,0,0,0,0,0,0,0,0,0,0,0,0
560,1110,12,25,0,0,0,0,0,0,0,0,0,0,0,0,0
538,1154,12,26,0,0,0,0,0,0,0,0,0,0,0,0,0
560,1198,12,27,0,0,0,0,0,0,0,0,0,0,0,0,0
538,1242,12,28,0,0,0,0,0,0,0,0,0,0,0,0,0
560,1286,12,29,0,0,0,0,0,0,0,0,0,0,0,0,0
582,10,13,0,0,0,0,0,0,0,0,0,0,0,0,0,0
604,54,13,1,0,0,0,0,0,0,0,0,0,0,0,0,0
582,98,13,2,0,0,0,0,0,0,0,0,0,0,0,0,0
604,142,13,3,0,0,0,0,0,0,0,0,0,0,0,0,0
582,186,13,4,0,0,0,0,0,0,0,0,0,0,0,0,0
604,230,13,5,0,0,0,0,0,0,0,0,0,0,0,0,0
582,274,13,6,0,0,0,0,0,0,0,0,0,0,0,0,0
604,318,13,7,0,0,0,0,0,0,0,0,0,0,0,0,0
582,362,13,8,0,0,0,0,0,0,0,0,0,0,0,0,0
604,406,13,9,0,0,0,0,0,0,0,0,0,0,0,0,0
582,450,13,10,0,0,0,0,0,0,1,0,0,0,0,0,0
604,494,13,11,0,0,1,0,1,0,0,1,0,1,0,0,0
582,538,13,12,0,0,0,1,0,0,0,0,0,0,0,0,0
604,582,13,13,0,0,0,0,0,0,0,0,0,0,0,0,0
582,626,13,14,0,0,0,0,1,0,1,0,0,0,0,0,0
604,670,13,15,0,0,0,0,0,0,0,0,0,0,0,0,0
582,714,13,16,0,0,0,0,0,0,0,0,0,0,0,0,0
604,758,13,17,0,0,0,0,0,0,0,0,0,0,0,0,0
582,802,13,18,0,0,0,0,0,0,0,0,0,0,0,0,0
604,846,13,19,0,0,0,0,0,0,0,0,0,0,0,0,0
582,890,13,20,0,0,0,0,0,0,0,0,0,0,0,0,0
604,934,13,21,0,0,0,0,0,0,0,0,0,0,0,0,0
582,978,13,22,0,0,0,0,0,0,0,0,0,0,0,0,0
604,1022,13,23,0,0,0,0,0,0,0,0,0,0,0,0,0
582,1066,13,24,0,0,0,0,0,0,0,0,0,0,0,0,0
604,1110,13,25,0,0,0,0,0,0,0,0,0,0,0,0,0
582,1154,13,26,0,0,0,0,0,0,0,0,0,0,0,0,0
604,1198,13,27,0,0,0,0,0,0,0,0,0,0,0,0,0
582,1242,13,28,0,0,0,0,0,0,0,0,0,0,0,0,0
604,1286,13,29,0,0,0,0,0,0,0,0,0,0,0,0,0
626,10,14,0,0,0,0,0,0,0,0,0,0,0,0,0,0
648,54,14,1,0,0,0,0,0,0,0,0,0,0,0,0,0
626,98,14,2,0,0,0,0,0,0,0,0,0,0,0,0,0
648,142,14,3,0,0,0,0,0,0,0,0,0,0,0,0,0
626,186,14,4,0,0,0,0,0,0,0,0,0,0,0,0,0
648,230,14,5,0,0,0,0,0,0,0,0,0,0,0,0,0
626,274,14,6,0,0,0,0,0,0,0,0,0,0,0,0,0
648,318,14,7,0,0,0,0,0,0,0,0,0,0,0,0,0
626,362,14,8,0,0,0,0,0,0,0,0,0,0,0,0,0
648,406,14,9,0,0,0,0,0,0,0,0,0,0,0,0,0
626,450,14,10,0,0,0,0,0,0,0,0,0,0,0,0,0
648,494,14,11,0,1,0,0,0,0,0,0,0,0,0,0,0
626,538,14,12,0,0,0,0,0,0,0,0,0,0,0,0,0
648,582,14,13,0,0,0,0,0,0,0,0,1,0,0,0,0
626,626,14,14,0,1,0,1,0,0,0,1,0,0,0,0,0
648,670,14,15,0,0,1,0,0,0,1,0,0,0,0,0,0
626,714,14,16,0,0,0,0,1,0,0,0,0,0,0,0,0
648,758,14,17,0,0,0,1,0,0,0,0,0,0,0,0,0
626,802,14,18,0,0,1,0,0,0,0,0,0,0,0,0,0
648,846,14,19,0,0,0,0,0,0,0,0,0,0,0,0,0
626,890,14,20,0,0,0,0,0,0,0,0,0,0,0,0,0
648,934,14,21,0,0,0,0,0,0,0,0,0,0,0,0,0
626,978,14,22,0,0,0,0,0,0,0,0,0,0,0,0,0
648,1022,14,23,0,0,0,0,0,0,0,0,0,0,0,0,0
626,1066,14,24,0,0,0,0,0,0,0,0,0,0,0,0,0
648,1110,14,25,0,0,0,0,0,0,0,0,0,0,0,0,0
626,1154,14,26,0,0,0,0,0,0,0,0,0,0,0,0,0
648,1198,14,27,0,0,0,0,0,0,0,0,0,0,0,0,0
626,1242,14,28,0,0,0,0,0,0,0,0,0,0,0,0,0
648,1286,14,29,0,0,0,0,0,0,0,0,0,0,0,0,0
670,10,15,0,0,0,0,0,0,0,0,0,0,0,0,0,0
692,54,15,1,0,0,0,0,0,0,0,0,0,0,0,0,0
670,98,15,2,0,0,0,0,0,0,0,0,0,0,0,0,0
692,142,15,3,0,0,0,0,0,0,0,0,0,0,0,0,0
670,186,15,4,0,0,0,0,0,0,0,0,0,0,0,0,0
692,230,15,5,0,0,0,0,0,0,0,0,0,0,0,0,0
670,274,15,6,0,0,0,0,0,0,0,0,0,0,0,0,0
692,318,15,7,0,0,0,0,0,0,0,0,0,1,0,0,0
670,362,15,8,0,0,0,0,0,0,0,0,1,0,1,0,0
692,406,15,9,0,0,0,0,0,0,1,0,0,0,0,1,0
670,450,15,10,0,0,0,0,0,0,0,0,0,0,0,0,0
692,494,15,11,0,0,0,0,0,0,0,0,0,0,0,0,0
670,538,15,12,0,0,0,0,0,0,0,0,0,0,0,0,0
692,582,15,13,0,0,0,0,0,0,0,0,0,1,0,0,0
670,626,15,14,0,0,0,0,0,0,0,0,0,0,0,0,0
692,670,15,15,0,0,0,0,0,0,0,0,0,0,0,0,0
670,714,15,16,0,0,0,0,0,1,0,0,0,0,0,0,0
692,758,15,17,0,0,0,0,0,0,0,0,0,0,0,0,0
670,802,15,18,0,0,0,0,0,0,0,0,0,0,0,0,0
692,846,15,19,0,0,0,0,0,0,0,0,0,0,0,0,0
670,890,15,20,0,0,0,0,0,0,0,0,0,0,0,0,0
692,934,15,21,0,0,0,0,0,0,0,0,0,0,0,0,0
670,978,15,22,0,0,0,0,0,0,0,0,0,0,0,0,0
692,1022,15,23,0,0,0,0,0,0,0,0,0,0,0,0,0
670,1066,15,24,0,0,0,0,0,0,0,0,0,0,0,0,0
692,1110,15,25,0,0,0,0,0,0,0,0,0,0,0,0,0
670,1154,15,26,0,0,0,0,0,0,0,0,0,0,0,0,0
692,1198,15,27,0,0,0,0,0,0,0,0,0,0,0,0,0
670,1242,15,28,0,0,0,0,0,0,0,0,0,0,0,0,0
692,1286,15,29,0,0,0,0,0,0,0,0,0,0,0,0,0
714,10,16,0,0,0,0,0,0,0,0,0,0,0,0,0,0
736,54,16,1,0,0,0,0,0,0,0,0,0,0,0,0,0
714,98,16,2,0,0,0,0,0,0,0,0,0,0,0,0,0
736,142,16,3,0,0,0,0,0,0,0,0,0,0,0,0,0
714,186,16,4,0,0,0,0,0,0,0,0,0,0,0,0,0
736,230,16,5,0,0,0,0,0,0,0,0,0,0,0,0,0
714,274,16,6,0,0,0,0,0,0,0,0,0,0,0,0,0
736,318,16,7,0,0,0,0,0,0,0,0,0,0,0,0,0
714,362,16,8,0,0,0,0,0,0,0,1,0,0,0,0,0
736,406,16,9,0,0,0,0,0,1,0,0,0,0,0,0,0
714,450,16,10,0,0,0,1,0,0,0,0,0,0,0,0,0
736,494,16,11,0,0,0,0,0,0,0,0,0,0,0,0,0
714,538,16,12,0,0,0,0,0,0,0,0,0,0,0,0,0
736,582,16,13,0,0,0,0,0,0,0,0,0,0,0,0,0
714,626,16,14,0,0,0,0,0,0,0,0,0,0,0,0,0
736,670,16,15,0,0,0,0,0,0,0,0,0,0,0,0,0
714,714,16,16,0,0,0,0,0,0,0,0,0,0,0,0,0
736,758,16,17,0,0,0,0,0,0,0,0,0,0,0,0,0
714,802,16,18,0,0,0,0,0,0,0,0,0,0,0,0,0
736,846,16,19,0,0,0,0,0,0,0,0,0,0,0,0,0
714,890,16,20,0,0,0,0,0,0,0,0,0,0,0,0,0
736,934,16,21,0,0,0,0,0,0,0,0,0,0,0,0,0
714,978,16,22,0,0,0,0,0,0,0,0,0,0,0,0,0
736,1022,16,23,0,0,0,0,0,0,0,0,0,0,0,0,0
714,1066,16,24,0,0,0,0,0,0,0,0,0,0,0,0,0
736,1110,16,25,0,0,0,0,0,0,0,0,0,0,0,0,0
714,1154,16,26,0,0,0,0,0,0,0,0,0,0,0,0,0
736,1198,16,27,0,0,0,0,0,0,0,0,0,0,0,0,0
714,1242,16,28,0,0,0,0,0,0,0,0,0,0,0,0,0
736,1286,16,29,0,0,0,0,0,0,0,0,0,0,0,0,0
758,10,17,0,0,0,0,0,0,0,0,0,0,0,0,0,0
780,54,17,1,0,0,0,0,0,0,0,0,0,0,0,0,0
758,98,17,2,0,0,0,0,0,0,0,0,0,0,0,0,0
780,142,17,3,0,0,0,0,0,0,0,0,0,0,0,0,0
758,186,17,4,0,0,0,0,0,0,0,0,0,0,0,0,0
780,230,17,5,0,0,0,0,0,0,0,0,0,0,0,0,0
758,274,17,6,0,0,0,0,0,0,0,0,0,0,0,0,0
780,318,17,7,0,0,0,0,0,0,0,0,0,0,0,0,0
758,362,17,8,0,0,0,0,0,0,0,0,0,0,0,0,0
780,406,17,9,0,0,0,0,0,0,0,1,0,1,0,0,0
758,450,17,10,0,0,0,0,1,0,0,0,0,0,0,0,0
780,494,17,11,0,0,0,0,0,0,0,0,0,0,0,0,0
758,538,17,12,0,0,0,0,0,0,0,0,0,0,0,0,0
780,582,17,13,0,0,0,0,0,0,0,0,0,0,0,0,0
758,626,17,14,0,0,0,0,0,0,0,0,0,0,0,0,0
780,670,17,15,0,0,0,0,0,0,0,0,0,0,0,0,0
758,714,17,16,0,0,0,0,0,0,0,0,0,0,0,0,0
780,758,17,17,0,0,0,0,0,0,0,0,0,0,0,0,0
758,802,17,18,0,0,0,0,0,0,0,0,0,0,0,0,0
780,846,17,19,0,0,0,0,0,0,0,0,0,0,0,0,0
758,890,17,20,0,0,0,0,0,0,0,0,0,0,0,0,0
780,934,17,21,0,0,0,0,0,0,0,0,0,0,0,0,0
758,978,17,22,0,0,0,0,0,0,0,0,0,0,0,0,0
780,1022,17,23,0,0,0,0,0,0,0,0,0,0,0,0,0
758,1066,17,24,0,0,0,0,0,0,0,0,0,0,0,0,0
780,1110,17,25,0,0,0,0,0,0,0,0,0,0,0,0,0
758,1154,17,26,0,0,0,0,0,0,0,0,0,0,0,0,0
780,1198,17,27,0,0,0,0,0,0,0,0,0,0,0,0,0
758,1242,17,28,0,0,0,0,0,0,0,0,0,0,0,0,0
780,1286,17,29,0,0,0,0,0,0,0,0,0,0,0,0,0
802,10,18,0,0,0,0,0,0,0,0,0,0,0,0,0,0
824,54,18,1,0,0,0,0,0,0,0,0,0,0,0,0,0
802,98,18,2,0,0,0,0,0,0,0,0,0,0,0,0,0
824,142,18,3,0,0,0,0,0,0,0,0,0,0,0,0,0
802,186,18,4,0,0,0,0,0,0,0,0,0,0,0,0,0
824,230,18,5,0,0,0,0,0,0,0,0,0,0,0,0,0
802,274,18,6,0,0,0,0,0,0,0,0,0,0,0,0,0
824,318,18,7,0,0,0,0,0,0,0,0,0,0,0,0,0
802,362,18,8,0,0,0,0,0,0,0,0,1,0,0,0,0
824,406,18,9,0,0,0,0,0,0,1,0,0,0,0,0,0
802,450,18,10,0,0,0,0,0,0,0,0,0,0,1,0,0
824,494,18,11,0,0,0,0,1,0,0,0,0,0,0,0,0
802,538,18,12,0,0,1,0,0,0,0,0,0,0,0,0,0
824,582,18,13,0,1,0,0,0,0,0,0,0,0,0,0,0
802,626,18,14,0,0,0,0,0,0,0,0,0,0,0,1,0
824,670,18,15,0,0,0,1,0,0,0,0,0,0,0,0,0
802,714,18,16,0,0,0,0,0,0,0,0,0,0,0,0,0
824,758,18,17,0,0,0,0,0,0,0,0,0,0,0,0,0
802,802,18,18,0,0,0,0,0,0,0,0,0,0,0,0,0
824,846,18,19,0,0,0,0,0,0,0,0,0,0,0,0,0
802,890,18,20,0,0,0,0,0,0,0,0,0,0,0,0,0
824,934,18,21,0,0,0,0,0,0,0,0,0,0,0,0,0
802,978,18,22,0,0,0,0,0,0,0,0,0,0,0,0,0
824,1022,18,23,0,0,0,0,0,0,0,0,0,0,0,0,0
802,1066,18,24,0,0,0,0,0,0,0,0,0,0,0,0,0
824,1110,18,25,0,0,0,0,0,0,0,0,0,0,0,0,0
802,1154,18,26,0,0,0,0,0,0,0,0,0,0,0,0,0
824,1198,18,27,0,0,0,0,0,0,0,0,0,0,0,0,0
802,1242,18,28,0,0,0,0,0,0,0,0,0,0,0,0,0
824,1286,18,29,0,0,0,0,0,0,0,0,0,0,0,0,0
846,10,19,0,0,0,0,0,0,0,0,0,0,0,0,0,0
868,54,19,1,0,0,0,0,0,0,0,0,0,0,0,0,0
846,98,19,2,0,0,0,0,0,0,0,0,0,0,0,0,0
868,142,19,3,0,0,0,0,0,0,0,0,0,0,0,0,0
846,186,19,4,0,0,0,0,0,0,0,0,0,0,0,0,0
868,230,19,5,0,0,0,0,0,0,0,0,0,0,0,0,0
846,274,19,6,0,0,0,0,0,0,0,0,0,0,0,0,0
868,318,19,7,0,0,0,0,0,0,0,0,0,0,0,0,0
846,362,19,8,0,0,0,0,0,0,0,0,0,0,0,0,0
868,406,19,9,0,0,0,0,0,0,0,0,0,0,0,0,0
846,450,19,10,0,0,0,0,0,1,0,0,0,0,0,0,0
868,494,19,11,0,0,0,0,0,0,0,0,0,0,0,0,0
846,538,19,12,0,0,0,1,0,0,0,0,0,0,0,0,0
868,582,19,13,0,0,0,0,0,1,0,0,1,0,0,0,0
846,626,19,14,0,0,0,0,1,0,0,0,0,0,1,0,0
868,670,19,15,0,0,1,0,0,0,0,0,0,0,0,0,0
846,714,19,16,0,0,0,0,0,0,0,0,0,0,0,0,0
868,758,19,17,0,0,0,0,0,0,0,0,0,0,0,0,0
846,802,19,18,0,0,0,0,0,0,0,0,0,0,0,0,0
868,846,19,19,0,0,0,0,0,0,0,0,0,0,0,0,0
846,890,19,20,0,0,0,0,0,0,0,0,0,0,0,0,0
868,934,19,21,0,0,0,0,0,0,0,0,0,0,0,0,0
846,978,19,22,0,0,0,0,0,0,0,0,0,0,0,0,0
868,1022,19,23,0,0,0,0,0,0,0,0,0,0,0,0,0
846,1066,19,24,0,0,0,0,0,0,0,0,0,0,0,0,0
868,1110,19,25,0,0,0,0,0,0,0,0,0,0,0,0,0
846,1154,19,26,0,0,0,0,0,0,0,0,0,0,0,0,0
868,1198,19,27,0,0,0,0,0,0,0,0,0,0,0,0,0
846,1242,19,28,0,0,0,0,0,0,0,0,0,0,0,0,0
868,1286,19,29,0,0,0,0,0,0,0,0,0,0,0,0,0
890,10,20,0,0,0,0,0,0,0,0,0,0,0,0,0,0
912,54,20,1,0,0,0,0,0,0,0,0,0,0,0,0,0
890,98,20,2,0,0,0,0,0,0,0,0,0,0,0,0,0
912,142,20,3,0,0,0,0,0,0,0,0,0,0,0,0,0
890,186,20,4,0,0,0,0,0,0,0,0,0,0,0,0,0
912,230,20,5,0,0,0,0,0,0,0,0,0,0,0,0,0
890,274,20,6,0,0,0,0,0,0,0,0,0,0,0,0,0
912,318,20,7,0,0,0,0,0,0,0,0,0,0,0,0,0
890,362,20,8,0,0,0,0,0,0,0,0,0,0,0,0,0
912,406,20,9,0,0,0,0,0,0,0,0,0,0,0,0,0
890,450,20,10,0,0,0,0,0,0,0,0,0,0,0,0,0
912,494,20,11,0,0,0,0,0,1,0,1,0,0,0,0,0
890,538,20,12,0,0,0,0,0,0,0,1,0,0,0,0,0
912,582,20,13,0,0,0,0,0,0,1,0,0,0,0,0,0
890,626,20,14,0,0,0,0,0,0,0,0,0,1,0,0,0
912,670,20,15,0,0,0,0,0,0,0,0,0,0,0,0,0
890,714,20,16,0,0,0,0,0,0,0,0,0,0,0,0,0
912,758,20,17,0,0,0,0,0,0,0,0,0,0,0,0,0
890,802,20,18,0,0,0,0,0,0,0,0,0,0,0,0,0
912,846,20,19,0,0,0,0,0,0,0,0,0,0,0,0,0
890,890,20,20,0,0,0,0,0,0,0,0,0,0,0,0,0
912,934,20,21,0,0,0,0,0,0,0,0,0,0,0,0,0
890,978,20,22,0,0,0,0,0,0,0,0,0,0,0,0,0
912,1022,20,23,0,0,0,0,0,0,0,0,0,0,0,0,0
890,1066,20,24,0,0,0,0,0,0,0,0,0,0,0,0,0
912,1110,20,25,0,0,0,0,0,0,0,0,0,0,0,0,0
890,1154,20,26,0,0,0,0,0,0,0,0,0,0,0,0,0
912,1198,20,27,0,0,0,0,0,0,0,0,0,0,0,0,0
890,1242,20,28,0,0,0,0,0,0,0,0,0,0,0,0,0
912,1286,20,29,0,0,0,0,0,0,0,0,0,0,0,0,0
934,10,21,0,0,0,0,0,0,0,0,0,0,0,0,0,0
956,54,21,1,0,0,0,0,0,0,0,0,0,0,0,0,0
934,98,21,2,0,0,0,0,0,0,0,0,0,0,0,0,0
956,142,21,3,0,0,0,0,0,0,0,0,0,0,0,0,0
934,186,21,4,0,0,0,0,0,0,0,0,0,0,0,0,0
956,230,21,5,0,0,0,0,0,0,0,0,0,0,0,0,0
934,274,21,6,0,0,0,0,0,0,0,0,0,0,0,0,0
956,318,21,7,0,0,0,0,0,0,0,0,0,0,0,0,0
934,362,21,8,0,0,0,0,0,0,0,0,0,0,0,0,0
956,406,21,9,0,0,0,0,0,0,0,0,0,0,0,0,0
934,450,21,10,0,0,0,0,1,0,0,0,0,1,0,0,0
956,494,21,11,0,0,0,0,0,0,0,0,1,0,0,0,0
934,538,21,12,0,0,0,0,0,0,1,0,0,0,0,0,0
956,582,21,13,0,0,0,0,0,0,0,0,0,0,0,0,0
934,626,21,14,0,0,0,0,0,0,0,0,0,0,0,0,0
956,670,21,15,0,0,0,0,0,0,0,0,0,0,0,0,0
934,714,21,16,0,0,0,0,0,0,0,0,0,0,0,0,0
956,758,21,17,0,0,0,0,0,0,0,0,0,0,0,0,0
934,802,21,18,0,0,0,0,0,0,0,0,0,0,0,0,0
956,846,21,19,0,0,0,0,0,0,0,0,0,0,0,0,0
934,890,21,20,0,0,0,0,0,0,0,0,0,0,0,0,0
956,934,21,21,0,0,0,0,0,0,0,0,0,0,0,0,0
934,978,21,22,0,0,0,0,0,0,0,0,0,0,0,0,0
956,1022,21,23,0,0,0,0,0,0,0,0,0,0,0,0,0
934,1066,21,24,0,0,0,0,0,0,0,0,0,0,0,0,0
956,1110,21,25,0,0,0,0,0,0,0,0,0,0,0,0,0
934,1154,21,26,0,0,0,0,0,0,0,0,0,0,0,0,0
956,1198,21,27,0,0,0,0,0,0,0,0,0,0,0,0,0
934,1242,21,28,0,0,0,0,0,0,0,0,0,0,0,0,0
956,1286,21,29,0,0,0,0,0,0,0,0,0,0,0,0,0
978,10,22,0,0,0,0,0,0,0,0,0,0,0,0,0,0
1000,54,22,1,0,0,0,0,0,0,0,0,0,0,0,0,0
978,98,22,2,0,0,0,0,0,0,0,0,0,0,0,0,0
1000,142,22,3,0,0,0,0,0,0,0,0,0,0,0,0,0
978,186,22,4,0,0,0,0,0,0,0,0,0,0,0,0,0
1000,230,22,5,0,0,0,0,0,0,0,0,0,0,0,0,0
978,274,22,6,0,0,0,0,0,0,0,0,0,0,0,0,0
1000,318,22,7,0,0,0,0,0,0,0,0,0,0,0,0,0
978,362,22,8,0,0,0,0,0,0,0,0,0,0,0,0,0
1000,406,22,9,0,0,1,0,0,0,0,0,0,0,0,0,0
978,450,22,10,0,0,0,1,0,0,0,0,0,0,0,0,0
1000,494,22,11,0,0,0,0,0,0,0,0,0,0,0,0,0
978,538,22,12,0,0,0,0,0,0,0,0,0,0,0,0,0
1000,582,22,13,0,0,0,0,0,0,0,0,0,0,0,0,0
978,626,22,14,0,0,0,0,0,0,0,0,0,0,0,0,0
1000,670,22,15,0,0,0,0,0,0,0,0,0,0,0,0,0
978,714,22,16,0,0,0,0,0,0,0,0,0,0,0,0,0
1000,758,22,17,0,0,0,0,0,0,0,0,0,0,0,0,0
978,802,22,18,0,0,0,0,0,0,0,0,0,0,0,0,0
1000,846,22,19,0,0,0,0,0,0,0,0,0,0,0,0,0
978,890,22,20,0,0,0,0,0,0,0,0,0,0,0,0,0
1000,934,22,21,0,0,0,0,0,0,0,0,0,0,0,0,0
978,978,22,22,0,0,0,0,0,0,0,0,0,0,0,0,0
1000,1022,22,23,0,0,0,0,0,0,0,0,0,0,0,0,0
978,1066,22,24,0,0,0,0,0,0,0,0,0,0,0,0,0
1000,1110,22,25,0,0,0,0,0,0,0,0,0,0,0,0,0
978,1154,22,26,0,0,0,0,0,0,0,0,0,0,0,0,0
1000,1198,22,27,0,0,0,0,0,0,0,0,0,0,0,0,0
978,1242,22,28,0,0,0,0,0,0,0,0,0,0,0,0,0
1000,1286,22,29,0,0,0,0,0,0,0,0,0,0,0,0,0
1022,10,23,0,0,0,0,0,0,0,0,0,0,0,0,0,0
1044,54,23,1,0,0,0,0,0,0,0,0,0,0,0,0,0
1022,98,23,2,0,0,0,0,0,0,0,0,0,0,0,0,0
1044,142,23,3,0,0,0,0,0,0,0,0,0,0,0,0,0
1022,186,23,4,0,0,0,0,0,0,0,0,0,0,0,0,0
1044,230,23,5,0,0,0,0,0,0,0,0,0,0,0,0,0
1022,274,23,6,0,0,0,0,0,0,0,0,0,0,0,0,0
1044,318,23,7,0,0,0,0,0,0,0,0,0,0,0,0,0
1022,362,23,8,0,0,0,0,0,0,0,0,0,0,0,0,0
1044,406,23,9,0,0,0,0,0,0,0,0,0,0,0,0,0
1022,450,23,10,0,0,0,0,0,0,0,0,0,0,0,0,0
1044,494,23,11,0,0,0,0,0,0,0,0,0,0,0,0,0
1022,538,23,12,0,0,0,0,0,0,0,0,0,0,0,0,0
1044,582,23,13,0,0,0,0,0,0,0,0,0,0,0,0,0
1022,626,23,14,0,0,0,0,0,0,0,0,0,0,0,0,0
1044,670,23,15,0,0,0,0,0,0,0,0,0,0,0,0,0
1022,714,23,16,0,0,0,0,0,0,0,0,0,0,0,0,0
1044,758,23,17,0,0,0,0,0,0,0,0,0,0,0,0,0
1022,802,23,18,0,0,0,0,0,0,0,0,0,0,0,0,0
1044,846,23,19,0,0,0,0,0,0,0,0,0,0,0,0,0
1022,890,23,20,0,0,0,0,0,0,0,0,0,0,0,0,0
1044,934,23,21,0,0,0,0,0,0,0,0,0,0,0,0,0
1022,978,23,22,0,0,0,0,0,0,0,0,0,0,0,0,0
1044,1022,23,23,0,0,0,0,0,0,0,0,0,0,0,0,0
1022,1066,23,24,0,0,0,0,0,0,0,0,0,0,0,0,0
1044,1110,23,25,0,0,0,0,0,0,0,0,0,0,0,0,0
1022,1154,23,26,0,0,0,0,0,0,0,0,0,0,0,0,0
1044,1198,23,27,0,0,0,0,0,0,0,0,0,0,0,0,0
1022,1242,23,28,0,0,0,0,0,0,0,0,0,0,0,0,0
1044,1286,23,29,0,0,0,0,0,0,0,0,0,0,0,0,0
1066,10,24,0,0,0,0,0,0,0,0,0,0,0,0,0,0
1088,54,24,1,0,0,0,0,0,0,0,0,0,0,0,0,0
1066,98,24,2,0,0,0,0,0,0,0,0,0,0,0,0,0
1088,142,24,3,0,0,0,0,0,0,0,0,0,0,0,0,0
1066,186,24,4,0,0,0,0,0,0,0,0,0,0,0,0,0
1088,230,24,5,0,0,0,0,0,0,0,0,0,0,0,0,0
1066,274,24,6,0,0,0,0,0,0,0,0,0,0,0,0,0
1088,318,24,7,0,0,0,0,0,0,0,0,0,0,0,0,0
1066,362,24,8,0,0,0,0,0,0,0,0,0,0,0,0,0
1088,406,24,9,0,0,0,0,0,0,0,0,0,0,0,0,0
1066,450,24,10,0,0,0,0,0,0,0,0,0,0,0,0,0
1088,494,24,11,0,0,0,0,0,0,0,0,0,0,0,0,0
1066,538,24,12,0,0,0,0,0,0,0,0,0,0,0,0,0
1088,582,24,13,0,0,0,0,0,0,0,0,0,0,0,0,0
1066,626,24,14,0,0,0,0,0,0,0,0,0,0,0,0,0
1088,670,24,15,0,0,0,0,0,0,0,0,0,0,0,0,0
1066,714,24,16,0,0,0,0,0,0,0,0,0,0,0,0,0
1088,758,24,17,0,0,0,0,0,0,0,0,0,0,0,0,0
1066,802,24,18,0,0,0,0,0,0,0,0,0,0,0,0,0
1088,846,24,19,0,0,0,0,0,0,0,0,0,0,0,0,0
1066,890,24,20,0,0,0,0,0,0,0,0,0,0,0,0,0
1088,934,24,21,0,0,0,0,0,0,0,0,0,0,0,0,0
1066,978,24,22,0,0,0,0,0,0,0,0,0,0,0,0,0
1088,1022,24,23,0,0,0,0,0,0,0,0,0,0,0,0,0
1066,1066,24,24,0,0,0,0,0,0,0,0,0,0,0,0,0
1088,1110,24,25,0,0,0,0,0,0,0,0,0,0,0,0,0
1066,1154,24,26,0,0,0,0,0,0,0,0,0,0,0,0,0
1088,1198,24,27,0,0,0,0,0,0,0,0,0,0,0,0,0
1066,1242,24,28,0,0,0,0,0,0,0,0,0,0,0,0,0
1088,1286,24,29,0,0,0,0,0,0,0,0,0,0,0,0,0
1110,10,25,0,0,0,0,0,0,0,0,0,0,0,0,0,0
1132,54,25,1,0,0,0,0,0,0,0,0,0,0,0,0,0
1110,98,25,2,0,0,0,0,0,0,0,0,0,0,0,0,0
1132,142,25,3,0,0,0,0,0,0,0,0,0,0,0,0,0
1110,186,25,4,0,0,0,0,0,0,0,0,0,0,0,0,0
1132,230,25,5,0,0,0,0,0,0,0,0,0,0,0,0,0
1110,274,25,6,0,0,0,0,0,0,0,0,0,0,0,0,0
1132,318,25,7,0,0,0,0,0,0,0,0,0,0,0,0,0
1110,362,25,8,0,0,0,0,0,0,0,0,0,0,0,0,0
1132,406,25,9,0,0,0,0,0,0,0,0,0,0,0,0,0
1110,450,25,10,0,0,0,0,0,0,0,0,0,0,0,0,0
1132,494,25,11,0,0,0,0,0,0,0,0,0,0,0,0,0
1110,538,25,12,0,0,0,0,0,0,0,0,0,0,0,0,0
1132,582,25,13,0,0,0,0,0,0,0,0,0,0,0,0,0
1110,626,25,14,0,0,0,0,0,0,0,0,0,0,0,0,0
1132,670,25,15,0,0,0,0,0,0,0,0,0,0,0,0,0
1110,714,25,16,0,0,0,0,0,0,0,0,0,0,0,0,0
1132,758,25,17,0,0,0,0,0,0,0,0,0,0,0,0,0
1110,802,25,18,0,0,0,0,0,0,0,0,0,0,0,0,0
1132,846,25,19,0,0,0,0,0,0,0,0,0,0,0,0,0
1110,890,25,20,0,0,0,0,0,0,0,0,0,0,0,0,0
1132,934,25,21,0,0,0,0,0,0,0,0,0,0,0,0,0
1110,978,25,22,0,0,0,0,0,0,0,0,0,0,0,0,0
1132,1022,25,23,0,0,0,0,0,0,0,0,0,0,0,0,0
1110,1066,25,24,0,0,0,0,0,0,0,0,0,0,0,0,0
1132,1110,25,25,0,0,0,0,0,0,0,0,0,0,0,0,0
1110,1154,25,26,0,0,0,0,0,0,0,0,0,0,0,0,0
1132,1198,25,27,0,0,0,0,0,0,0,0,0,0,0,0,0
1110,1242,25,28,0,0,0,0,0,0,0,0,0,0,0,0,0
1132,1286,25,29,0,0,0,0,0,0,0,0,0,0,0,0,0
1154,10,26,0,0,0,0,0,0,0,0,0,0,0,0,0,0
1176,54,26,1,0,0,0,0,0,0,0,0,0,0,0,0,0
1154,98,26,2,0,0,0,0,0,0,0,0,0,0,0,0,0
1176,142,26,3,0,0,0,0,0,0,0,0,0,0,0,0,0
1154,186,26,4,0,0,0,0,0,0,0,0,0,0,0,0,0
1176,230,26,5,0,0,0,0,0,0,0,0,0,0,0,0,0
1154,274,26,6,0,0,0,0,0,0,0,0,0,0,0,0,0
1176,318,26,7,0,0,0,0,0,0,0,0,0,0,0,0,0
1154,362,26,8,0,0,0,0,0,0,0,0,0,0,0,0,0
1176,406,26,9,0,0,0,0,0,0,0,0,0,0,0,0,0
1154,450,26,10,0,0,0,0,0,0,0,0,0,0,0,0,0
1176,494,26,11,0,0,0,0,0,0,0,0,0,0,0,0,0
1154,538,26,12,0,0,0,0,0,0,0,0,0,0,0,0,0
1176,582,26,13,0,0,0,0,0,0,0,0,0,0,0,0,0
1154,626,26,14,0,0,0,0,0,0,0,0,0,0,0,0,0
1176,670,26,15,0,0,0,0,0,0,0,0,0,0,0,0,0
1154,714,26,16,0,0,0,0,0,0,0,0,0,0,0,0,0
1176,758,26,17,0,0,0,0,0,0,0,0,0,0,0,0,0
1154,802,26,18,0,0,0,0,0,0,0,0,0,0,0,0,0
1176,846,26,19,0,0,0,0,0,0,0,0,0,0,0,0,0
1154,890,26,20,0,0,0,0,0,0,0,0,0,0,0,0,0
1176,934,26,21,0,0,0,0,0,0,0,0,0,0,0,0,0
1154,978,26,22,0,0,0,0,0,0,0,0,0,0,0,0,0
1176,1022,26,23,0,0,0,0,0,0,0,0,0,0,0,0,0
1154,1066,26,24,0,0,0,0,0,0,0,0,0,0,0,0,0
1176,1110,26,25,0,0,0,0,0,0,0,0,0,0,0,0,0
1154,1154,26,26,0,0,0,0,0,0,0,0,0,0,0,0,0
1176,1198,26,27,0,0,0,0,0,0,0,0,0,0,0,0,0
1154,1242,26,28,0,0,0,0,0,0,0,0,0,0,0,0,0
1176,1286,26,29,0,0,0,0,0,0,0,0,0,0,0,0,0
1198,10,27,0,0,0,0,0,0,0,0,0,0,0,0,0,0
1220,54,27,1,0,0,0,0,0,0,0,0,0,0,0,0,0
1198,98,27,2,0,0,0,0,0,0,0,0,0,0,0,0,0
1220,142,27,3,0,0,0,0,0,0,0,0,0,0,0,0,0
1198,186,27,4,0,0,0,0,0,0,0,0,0,0,0,0,0
1220,230,27,5,0,0,0,0,0,0,0,0,0,0,0,0,0
1198,274,27,6,0,0,0,0,0,0,0,0,0,0,0,0,0
1220,318,27,7,0,0,0,0,0,0,0,0,0,0,0,0,0
1198,362,27,8,0,0,0,0,0,0,0,0,0,0,0,0,0
1220,406,27,9,0,0,0,0,0,0,0,0,0,0,0,0,0
1198,450,27,10,0,0,0,0,0,0,0,0,0,0,0,0,0
1220,494,27,11,0,0,0,0,0,0,0,0,0,0,0,0,0
1198,538,27,12,0,0,0,0,0,0,0,0,0,0,0,0,0
1220,582,27,13,0,0,0,0,0,0,0,0,0,0,0,0,0
1198,626,27,14,0,0,0,0,0,0,0,0,0,0,0,0,0
1220,670,27,15,0,0,0,0,0,0,0,0,0,0,0,0,0
1198,714,27,16,0,0,0,0,0,0,0,0,0,0,0,0,0
1220,758,27,17,0,0,0,0,0,0,0,0,0,0,0,0,0
1198,802,27,18,0,0,0,0,0,0,0,0,0,0,0,0,0
1220,846,27,19,0,0,0,0,0,0,0,0,0,0,0,0,0
1198,890,27,20,0,0,0,0,0,0,0,0,0,0,0,0,0
1220,934,27,21,0,0,0,0,0,0,0,0,0,0,0,0,0
1198,978,27,22,0,0,0,0,0,0,0,0,0,0,0,0,0
1220,1022,27,23,0,0,0,0,0,0,0,0,0,0,0,0,0
1198,1066,27,24,0,0,0,0,0,0,0,0,0,0,0,0,0
1220,1110,27,25,0,0,0,0,0,0,0,0,0,0,0,0,0
1198,1154,27,26,0,0,0,0,0,0,0,0,0,0,0,0,0
1220,1198,27,27,0,0,0,0,0,0,0,0,0,0,0,0,0
1198,1242,27,28,0,0,0,0,0,0,0,0,0,0,0,0,0
1220,1286,27,29,0,0,0,0,0,0,0,0,0,0,0,0,0
1242,10,28,0,0,0,0,0,0,0,0,0,0,0,0,0,0
1264,54,28,1,0,0,0,0,0,0,0,0,0,0,0,0,0
1242,98,28,2,0,0,0,0,0,0,0,0,0,0,0,0,0
1264,142,28,3,0,0,0,0,0,0,0,0,0,0,0,0,0
1242,186,28,4,0,0,0,0,0,0,0,0,0,0,0,0,0
1264,230,28,5,0,0,0,0,0,0,0,0,0,0,0,0,0
1242,274,28,6,0,0,0,0,0,0,0,0,0,0,0,0,0
1264,318,28,7,0,0,0,0,0,0,0,0,0,0,0,0,0
1242,362,28,8,0,0,0,0,0,0,0,0,0,0,0,0,0
1264,406,28,9,0,0,0,0,0,0,0,0,0,0,0,0,0
1242,450,28,10,0,0,0,0,0,0,0,0,0,0,0,0,0
1264,494,28,11,0,0,0,0,0,0,0,0,0,0,0,0,0
1242,538,28,12,0,0,0,0,0,0,0,0,0,0,0,0,0
1264,582,28,13,0,0,0,0,0,0,0,0,0,0,0,0,0
1242,626,28,14,0,0,0,0,0,0,0,0,0,0,0,0,0
1264,670,28,15,0,0,0,0,0,0,0,0,0,0,0,0,0
1242,714,28,16,0,0,0,0,0,0,0,0,0,0,0,0,0
1264,758,28,17,0,0,0,0,0,0,0,0,0,0,0,0,0
1242,802,28,18,0,0,0,0,0,0,0,0,0,0,0,0,0
1264,846,28,19,0,0,0,0,0,0,0,0,0,0,0,0,0
1242,890,28,20,0,0,0,0,0,0,0,0,0,0,0,0,0
1264,934,28,21,0,0,0,0,0,0,0,0,0,0,0,0,0
1242,978,28,22,0,0,0,0,0,0,0,0,0,0,0,0,0
1264,1022,28,23,0,0,0,0,0,0,0,0,0,0,0,0,0
1242,1066,28,24,0,0,0,0,0,0,0,0,0,0,0,0,0
1264,1110,28,25,0,0,0,0,0,0,0,0,0,0,0,0,0
1242,1154,28,26,0,0,0,0,0,0,0,0,0,0,0,0,0
1264,1198,28,27,0,0,0,0,0,0,0,0,0,0,0,0,0
1242,1242,28,28,0,0,0,0,0,0,0,0,0,0,0,0,0
1264,1286,28,29,0,0,0,0,0,0,0,0,0,0,0,0,0
1286,10,29,0,0,0,0,0,0,0,0,0,0,0,0,0,0
1308,54,29,1,0,0,0,0,0,0,0,0,0,0,0,0,0
1286,98,29,2,0,0,0,0,0,0,0,0,0,0,0,0,0
1308,142,29,3,0,0,0,0,0,0,0,0,0,0,0,0,0
1286,186,29,4,0,0,0,0,0,0,0,0,0,0,0,0,0
1308,230,29,5,0,0,0,0,0,0,0,0,0,0,0,0,0
1286,274,29,6,0,0,0,0,0,0,0,0,0,0,0,0,0
1308,318,29,7,0,0,0,0,0,0,0,0,0,0,0,0,0
1286,362,29,8,0,0,0,0,0,0,0,0,0,0,0,0,0
1308,406,29,9,0,0,0,0,0,0,0,0,0,0,0,0,0
1286,450,29,10,0,0,0,0,0,0,0,0,0,0,0,0,0
1308,494,29,11,0,0,0,0,0,0,0,0,0,0,0,0,0
1286,538,29,12,0,0,0,0,0,0,0,0,0,0,0,0,0
1308,582,29,13,0,0,0,0,0,0,0,0,0,0,0,0,0
1286,626,29,14,0,0,0,0,0,0,0,0,0,0,0,0,0
1308,670,29,15,0,0,0,0,0,0,0,0,0,0,0,0,0
1286,714,29,16,0,0,0,0,0,0,0,0,0,0,0,0,0
1308,758,29,17,0,0,0,0,0,0,0,0,0,0,0,0,0
1286,802,29,18,0,0,0,0,0,0,0,0,0,0,0,0,0
1308,846,29,19,0,0,0,0,0,0,0,0,0,0,0,0,0
1286,890,29,20,0,0,0,0,0,0,0,0,0,0,0,0,0
1308,934,29,21,0,0,0,0,0,0,0,0,0,0,0,0,0
1286,978,29,22,0,0,0,0,0,0,0,0,0,0,0,0,0
1308,1022,29,23,0,0,0,0,0,0,0,0,0,0,0,0,0
1286,1066,29,24,0,0,0,0,0,0,0,0,0,0,0,0,0
1308,1110,29,25,0,0,0,0,0,0,0,0,0,0,0,0,0
1286,1154,29,26,0,0,0,0,0,0,0,0,0,0,0,0,0
1308,1198,29,27,0,0,0,0,0,0,0,0,0,0,0,0,0
1286,1242,29,28,0,0,0,0,0,0,0,0,0,0,0,0,0
1308,1286,29,29,0,0,0,0,0,0,0,0,0,0,0,0,0
